dbSNP ID,Chromosome,Position,snp,Extracted
rs10000518,4,11502867,CTACACATAAATAGAATATTTGCAAACACACATATGAAATTACTACTATGGTAAATGCCATGAATTTACAGTGCAGGCTGCTATAAGAGGCTGTAATGAGGAAGTCTGACTTCATTTGAAATATCAGTGCAAACCTCTCCAAGGAAGTACTGTTTGAACTGAAATCTAACGGGATGAATTTGTCACCCACCCAGATTTGTATCTTGAGTCCTAGCCTGTAGTACTACAGAATGTGACTGTATTTGGAGATCGTGCCTCTAAAGAGGTAATTAAGTTAAAATGAGGTCATTAGCATGCTCCCTAATCTAATATGGCTGATTTCCTTGTGAGAAGATCAGATTAGGACATGGATATACACAGATGGAAGACATTATAAAGACACAGAGATAATACATCTATCTAGAAGCCAAGGAGAAGGGCCTCAGAAGAAAGCAAACCTGCCTACACCTTGACCTCAGACTTCTAGCCTCCAGAAAACAAGTTATGTTGTTAAAGGCACCATCTTTGTTAGGGCCAAGTTATGTTGTTAAAGCCACTTATCTTTGTTATGGCAGCTGTACCAAACAAATACAGGTAGGAATCCACCTACCAGTGTGGAAGGATGAAGCCAATGGGTATTTGATAGCTCCATGAATAGGACTTGATGATGAACTGGATATTGGGAAACCAAGCTTGTTGTGTACGATAATATAGATCATGAATACACTTTACAGTGAGTGAAGGGGGAATTGGAAAGTTGAAGTGTGAATGAGAGGACTAAAGGCTAAGACAAAAAGTGTGGCAAGCAGATTCAAGTGGTC%G/A%CTTCCACATGTTCCGCACCTTCTAGCTCCAGGCATTGGAGATGCATTCTATTTATACAATGGACAAAGATCTGCTCTCATGTAACTTAAAGATAGTTCAGGAAGCAGGGCATTATACAAGTAATTAAACTCATCATTATTTACTATTGTGTTAAATCTTTTAAAGAATAAATATGAACTTTATGAAAGTATATATTCAGGTAGAAAGTAGATTGGGCTATTTGGGAAGTTATTGCTAAGGAAGATATTTAAAGTGGGATAAATTTGATAGTTGGGATAAAAATGCCATAGGAAGGGGAGGAAAAAAAATTCAGGATAGTAGGAACACTCATAAGCAAAGTTAGGGTGTAGAGAGGCAGAGGCGTTTGTAAACACAAATGTACTATGTCCAATGTCCCTGTGGTAAGGAAGGTCACCAAAGCAGGCAGCAATGTCACTGACATTTGTCTCCATGGAGCTCAGCAGAAACAAGGCCTGCTCTGCTTTTCTGAACAGCATGTAGGCACCTTGCCATGCAGCTTGTCAGGGGACAGTCACACAGTCCTGCTGAGCTGTGCCTTCCAGGGGCCTGGCTTCCTGTGGAGCTTCAGTGATGGTACAGACAGTGGGATGCTCAGGCGGTTGGGAAAGCTGAGGCTCTCAGGGTTAGAGGGGCCATCTGGCAGGAATGTAGGATCACAGACGGGAAGTCTTAAAGTGACAGTGTTCATGTTTTCCACATGCATTTAATGAAAACTTGTTAGGTTACAAGCACTGTACTAGGTATGAGAAATCAGAGGGTCCCCAAGAGACACAAGTTGT,G/A
rs10094579,8,89837077,GAACTCACTGGATATTAACAACCATGTGCCATTTTCTAAAATAGCTCAGACTTGTCTATAGCCTTGTTTCTTTTGTTTTGTTTTGTTCTCGCTCTGTCGCCCAGGCTGGGGTGCAATGGCACCATCTCAGCTCACAGCAGCCTTGGCCTCCTGGGTTCAGGCTCAGGTGATCCGCCCACCTCAGCCTCCTGAAGGGCTGGGATTACAAGCATGAGCCACCATGCCCAGCTATAGTCTTGTTTCTTGATCAGTTTTGTTTGTTGGTTTGTTTTATTGGCAAAGAGAACTCATCAGATAGGGTGTGTGTGTGTGTGTGTGTGTGTGTGTGTGTGTGTGTGTGTGTGTGATAACCCTTTCTCTGCTGGAGTTGGTTTACTTTACTACTGAAATTTTTAAAATATTTGATTAAATATTTTATATTAATATTTATTTTTGCTTTATTTTAACATGAAAATTCAACCAGTATAATTTGGGTGGGGGGGAGGTGCATACTTAATATTAAAAGCACTCGCTTATGATCTTAATGAGTTCATTAAAGGAAAGTTATTAAGTAATATTACCATAGTAAAAGTAAAGTAAGTAAATGAAAGTTCAGCTCTATCTTCCAGTGGTTATTGCTTTTATTAGCTCACAATGAACCAACATTAGCTTCTTTTGCTAGTGTCTCTGAATACTAACAGTAAAGCAGTTCTGCTGGTTTCCACTTCACTGATCTACTCTTGATTTACATCAACGGTGAACCTTTCACTTAGTTACCTCTTTAGACTTGCTTTCCACACATCCTGTTTATGTGCAGTCAG%C/A%AGGAAGAAAACAAGAATGTGGATATGAGCAGGAAGAGAAAGATGAAGAAATAAAATGCTTTCAGAAAAGTAGAAATTTCTATGAAAGTCCCCAGCATATTTTTTTTAAACACTGGAAACGGTCTTTGTGAATCATCCAATCTGACTGTTTGTTAGCTGTCATCCAGCAAATCCTTGAAGATGAGGAACTTGAACGTTTAAATAGAAGTCGATGACACATTCTTTGTCATGTTTTCCTATTTCTCTAACTAAAACAAGAGTTTGCCATGGAGATGTTCTTGAATTAGGCTTCACATCTGTGGCATTATGGTTTACAGAAATAAACCAGACTCCCTAGAATTGGAGTCTGGATTCTAGCTAGACATGACTGTCCAGTGATGTGACCTTGGGCAATTTTCCTTAATTCACAAGGCCTTACGTACCCTCTGGAGTTACCTAAAATCTCTACCTTTAGAGATTAAGGGATATTGAATTTCACAAGAATTCATAAACCCATAAACAAGAATTCCAGAGATGAAGGCATCAGATTGATTGCCCTATTGGATCAGGAAGAGGCAGAAAGCTCCACCATGAGGTGTGGGAATAAAGAGCAGATACAGTTGATTGAGGTTGAGCGTGTCAATGAAAGCAGAAATGTGGTGGGGTATCCTGGCATCTGTATACTGCTCTTCTTTACCCCAAGGACATTCACGGTTGGCTGAGATGCCTGGGAGTGACATGGCTTGAGAGCAGGTTTTTGAAGGATGAAAAGAGGATATTTGCCTAAAAGTGTCACCAGGAAGCAAAGAGAAAGCCATTGTC,C/A
rs111305875,6,167098098,TTAAAATAATTCTGACCAGCACAAGGCCAATGGCACGATCATGTAGCATTTCATTAATCAATTCTTTTCACACCAAAAATATCACTTCCCATTCCTGGTGGTACAAAGTGACTCAATCAGCAAGGAATCTACCTAAGCAGCAGGGTCATTCGGCCTACATTTGCCATTTTATCTCAGGGGATTTTATTTATTTATTTTCTGCTTTTTTTGAGACAGAGTTTCACTCTTGTCACTCGGGCTGGAGTGCAATGGTGCGATCTTGGCTCACTGCAACCTCCGCCTCCTGGGTTCAAACGATTCTCCTGCCTCAGTCTCCCGAGAAGCTGGGATTACAGGTGGCTGCCACTGCACCTGGCTAATTTTTGTATTTTTAGTAGAGAGGGGGTTTTGCCATGGTGGCCAGGCTGGTCTTGAACTCCTGACCTCAGGTGATCTGCCCACCTCGACCTCCCAAAGTACTGGGATTACAGGCATGAGCCATCGCGCCCGGCCTCTCAGGAGATTTTAAAGGAATCTGCGAGATGCTTTGCTGAAGTCCAGATCTGCGGGAGGTGGAGCTGCCCGAGCCCAGCGCTCAAGGCCCAGCCAGAACCGAACCAAGGCTGGCTGGGGCCGATGCACGCGAAGTGCTTGTCCCGTTTACTTCTAAATGCCCACAGGGTGTTCATTAGACAGCGTGGCCTGAAGTGTTTCCTGATGTCGAGTCATGGCCGCCTGGGTTTCTTCACAGCTTTCCTTTTGGAGCTCAGGGCGGCTGTCGTCTTGGGCTCCAAGGGTGCCTTTCCGCCTTCTCGGGTCCT%T/G%CCGGGTGCTGGAGCCGGCGCTCCGACACAGGGAGATGTCTTCATCAAGGGGATTCCACAGAGCCACTCCCAGCCTAATACCAGATATAAAAAGCTACGTTCATGGATGCAAGCTCAGTTTTCTACTTAAAAAGTGAAGAGATTCCGCTTGCAAGTTTGATTCAGTTCAATACCTTCCCTGATACCTCCTGTTTTACTTTTCTCATATATAATTCTTCCGCCTATACACAGGAAATGCAACAATTTTTTTCCACCAAGCCTCTTCTAGGTGCCCAGACCACCCCCGCTAACCCCAGTGTGCCCTGCACAAACGTGGGGTCCTGTGGATGCCCGGAGGTCATAATCGGGGAGCCCTGCTCTCTCTCCCGCACCTGGTTCCCTGGCCTCAGGCTGAGTCACACAGTCCCTCAGGCCTGGAGTGCTCTCTGACTCTCACCTGTGTGGCAAACGCCTCTGCATCCTTCAGCGCTCCACCCTGGACCTTACTCCTGCTGCGCTGCTCCTCAAGGCCCGGGAAAGCTTCCCAGGACCGATCTGGGTGTGGATGTGTGGGGCACGTTATTCTAACAATTTGAAGTAAGTTTCTTATGATGGAAGTGCCCCTGTCCCCAGGTCAAAGTACCTGCTTTCTAAAGCCCAAGTCTAACATCCTTATTCCAGTCTCCAGGCACGAACCTCGCCGAGACACCTCCACACTGCTCCCCATACCTCCCTGCAGTTTTCCTCCCTGGGTTCCTCCATGGACACGCTTCACTCTGCAGGGAACCTCCTAGCTCCCCTCCCTGCTGCCCCATGTCAGGC,T/G
rs114202211,1,113943285,TTTAACTCTAGTAACATTTTATTCTTTTACATTTTCTTCTGTAGTAGCATGAATTGAATTACATGGTTGCTACAATCTCTTCCTGTTTTAACTTTCTCTAAATACTTTGAACTTAATGGGTTATCCTAGAATGGCCTTGACCCAAGTACCTTATACTTTAATGATATATATTTCTAGATTGATACTTTTAATGTAGCTACCATTTTAATATATAATAATTATTGGGACAGTATGTAAATGCTGATATATACAATTTTGTCTGTACCATAACCAAGGCTTTTAAAATGTGCTTTTTATCAGCACCCATTTACTTACTTGCCTAGTTATTAATTTTAAGGAATCTAATATTTAGTTTTAATGGCCATACATTAAATACAAATCATGTAAGCATCCAATCAAGAAGTGAAATAATAAAAACATAGATAACCTATAAAATATGTTTATAAGGAGCTATACATGCCAGATGCCTGTAATAAAATTTGAGGAAATAGAAATTCTGAATTAAGAATTTTATATTATGTGTGAAAATAATGTGAGGATATTTTAACCCATACAAGGACTCAGAAAAAATGTCATCTGCATGTTTCCTTTTTTAAAAACATTGTGGTAAGATGTTTATAATAGGAAATTTACAATTTTAACCATTTGGTACCACTCATTGTGTTAAGTACATTCATAGTGTTGTGTAACCATCACTGCTGTCTGTTAAGTATATTCACAATGTTGTGTAACCATCACCACTATTTCCAAATGTTTTCATCACCCAAAACAGAAATTCTAACCATTAAGCAATAACTCCC%T/C%ATTCTCTCTTCTTCCTACCACTGGTAATCTTGATTTGACTTTCTGTCTCTATGAATTTGCCTATTCTAGATACTGCATGTAAGTGGAATCATACAATATTTGTCTTTTTGTGTCTAGTTTATTTCACTTAGTGTAATGCTTTTGAGGCTAATCCATGCTGTAACATGTATCAGAACTTCATTCCTTTTATGGCTGTATAATATTCCATTGTTTGTATATACCACATTTTGTTTATGCATTCATCTGTTGGTAGATATTTGGGTTGTTGCTACCTTTAGGCTGTTGTGAATAATGCTGCTATGAACATTGGTGTACAAGTATCCTAGTCCCTATTTTCAGTTCTTTTGGGGATATAGCTAGGAGTGGAATTGCTGGGTCACATGATAATTCTATGTTTAACTTTTTGCAGAATTACCAAATTATTTTCCACAGAGGCTGCACTATTTTACATTCCTACCAGCAGTGGATGTGCATTCCAAATTTCTCCACATTTTCTCTAACATTTGTTATTTTTTTTATTTAAAAATATTGTTTGTTTATTTTTACAGAGACAGGGGCTGCCTCTATTGCTCATGCTGGAGTACAGTGGCACGATCATAGTTCACTGTAGCCTCCAACTCCTGGACTTGAGCAGTCCTCCCACTTCAGCCTCCCAAGTAGCTAGGACTGCAGTCACACTCCACCATACCTGGCTAATTACTATTATTTTATTTTTTGTGGCGACAGTGTTTTGAGGGTCTCATTTTGTTGCCCAATCTGGTCTCAAACTACTGGCCTCAAGCCATCCTCCTGCCTCAGTC,T/C
rs116046827,3,49618715,TTCTTCCTGTGACTTCTCGGCTTTCACATACGTAGACTCATCATGGCATGGGGCATTGTTGAGTGCTCCTCCTCATGGGAACTTCTATAACCCTGTGGGGTCATTCTCTTTTTTCTCCTTTCCCTGACTTCTCTGGTTCTGACATCTCCTCTACTCCTATGAACTTTGGTCCTCCCCACAAAGCTTTCTGGGTGATTTCTAGCCTGAGAATTGTCTGTGAACAAGACCTGTAACTCTCCCAGATAAAAATATCTACACTTATCTGAATTGAACTGAAGCTGTGACCCATCTCTTAATGTCTCTTACCCCCTACCCCCACCTCAACACAACCAAACCAAACCCAAACTTGTGATTTTGTGATTTCGCTTCCCATTTCTTACCCACTAATTGACTTCTCTCCCTGGATTCCCCATCTCAATTAAAAGGAACACTCCTCCCTGGAGCCAAAGCCAGAATACCTGCTGCTGTACCTTCCCTTCCTCTTGCCACACAGACTATCTCCTGGGCCAGTGCCTTATTCTCACTGGTTTCCTACCTCATCATCTTCTTCTCCTTGAAGAGACCCTAAACATTCCCCTATGTGAAAACCTTACAGGCTGTGCTCATTTTAGCTTTTAGCTTCCCAATTAGCTCAGGTAGTTCAACACACACTATCACACGATTGCTGGGAGCTGTTCTAGGTGCTGGGAGCACCAATGACTTACGTCTTCCAAGCTTATCCTGCGTAGCTACTCAGACTGAGCATGCTCTGCTGTGCCTCTGGGTCTTCGTGCATGCTGTTGCCTCTGCCTAGCATGCCC%T/C%GTCACCTTGGCATGAACAGCTCATCTTTTAAGACCCAGTTTAAATGTCTTCTCATCCTCAAAGACTTCTGCCTCTGTCCATCACTGGACCATGCAGCAGTGTGTCTTGCAGGGATTTGTTTGCACATCTGTCTCTACTCTAGACCAGAGGCTCTTGGAGGACTGGACTCCTATATGAATCATTTTTTAAAAAAATATTTTAATTAAATATTAAATGACTTTATAAAGAATATAAGAATACCTATACAACATGTATAAGATGTGAAGAATAAAATATGAACACCTGTGGACCCACCTTCCATTGAAGAGATATCATTCCTTTATACCATCAATACCTATTATAGGGCCTGGAACTAATCCAGGGGTCAGTAAATGTGAATTCCTGAATGAATGAATGAATAAATATCTATTGTTGGAGTCATTTTCTCTCTGAGTCTCCCAGCGTTGCTAGTTAAGTCCCAGGTGAATGGTGTCATGGCCCTAGCCCAGCCCCACTCTGTGAGCTCATTCTACTGTTCACACATTGTTCTGGTTGTTGTGCATGTGCTTACTGAGTGTCCATTCAATGCCAAGCGTGGCGCTGGGTCCTAAGGATATAGTGGGGAGCAAAATGGTGAAACCTCTTCCCAGGGAGCTTCCACGTAAGCAGCTCTTCAGAAAAAATAATCCAAAGAACCCAAACTGCAATGCTTTCTACCCCCTCTACAGCTACCCTAGAAAGGCAGTGTGGGATGTGGTTAAGGACATGGACTGGTGGCCTAGATATTGGAATCCCAGCTCCACCATTTGCAAGTCATGATG,T/C
rs11691685,2,144724260,ACCTAATAGTAGAGCTTCTAAACATATGAAGGAAAAACTGATAGACTTGAAAGGAGAAATAAAAAAATACTCAATTCATTTGGAGATGTCAATACTCTTTCCCCAATAATTGATAGAAAAATAGGGTATCAATAAAGAGAAGACATTAGGAACACTATCAACCAATTTGGCTTAATAGTCATTTTTGAACATTGTACCTAATAACAGCAGAATATGCATTATTTACAACTGGATGTATAGACCATATTGTGGGCCATAAAACAAATTTTAATCCATTTAAAAGAGCTGAAATTACACAGAGTTGATTCTGTGACCACAGTGGAATTAAACTAGAAATCAGCAAGAGAATGTTAGATAGAATATTCCCCAAGTATTTGAAAATTAAACACCACATGTCTAAATAAATGTCTTAAAGAGGAACTCACAAGGGAAATTAGAAAATATTATGAATTGAATGAAAATTAAAACAGAACATGTCAAAATCTGTGGGACAGAACCAAAGCAGTGATAAGAAGGAAACATGGTTTTTAAAGGCTTGGATTAGAGACTAGGAGAAGTTTCATAACAAAAATGTAAGCCTGACCTAAAGAAACTAGGAAGAGAAGAGCAGATTAATCCTAAAGTTAGCAGAAGAAAGAAAATAATAAAGATAAGAACAGAAAAGTAATAAAGAATGCCAATAAACTGAAGAGCTGGTTTTCTGAAAAGGTGAACAAATATTATAAACCTGTAGGCAGACTTATCAAGAAATATAGAGACAAGACAAAAATTACCAATAATAGGAATGAGAGAACATCACT%A/G%TAGATAATTTAGACTTTAAGAGGACAGCAAGGGATATTATGAACAATTTTATGTCAAGAAGTTTGTTAATTTAAATAAAATGATAAAATGTACAAAGTTTTCAAAGACGTTAACTGCCAAAGTTTACTTGAGAAGAAAGAGATAATTTTGATGTGTCTGTTAACTATTAAAGAAATTAAATTTATTGCTAAAACTACCCCCAAAATAAAATGTCAATTTCTGATAGTTTTGTTGGTGAGGTCTACTGTATTAGTCCATTTTTATTCTGCTATGAAGAAATACCCAAGACTGGGTAATTTACAAAGAAAAAGAGGTTTAATGGACTCAGTTCCACGTGGCTGGGGAGGCCTCATAATCATGGTGGAAGACAAAGGAGGAGCAAAGGCACGTCTTACATGGTGGGAGGCAAGATAGAATATGCAGGGGAACTCCCCTTTATAAAGCATTAGATCTCATGATACTTATTCACTATCATGAAAACAGCATGGGAAAAACCTGCCTCCATGATTCAATTCAAATACCTCCCACTGTGTCCCTCCCATGACATGTGGGGATTATGGGAGCTACAGTTCAAGATGAGATTTGGGTGTGGACACAGCCAAACTATCATCTTCTAAACATTTTAGGAAGACATAATACAATGTTTACTTAAAAATTTTGAGAAAATTTAAGAATGGGAAGACCTCCCAAATCATTTTGTGGGGCCAGCATTATCTTTGACAATAATACTTGAAAAGGACGAAACAAGAAAACACACGACTACAGAATATATCATATATCAACATAAACACAGAAGTCCT,A/G
rs11871012,17,27295723,AATGGTGTGGCCTTAAGAAACGCAGCGGTTCGGGGGAGGAGACTTTTAGAATTATCTTTCAAACACTTAAGGGAGGAGCTGGGTGGTTGGGTGGAGTGACAGAAGGAAAGCTTTTGTGCGGAAGAGGAAACTCTGGAAAAGGCTTTTCTGGCTTAGTGTCTAGCCCTGGTCGGCTTAGTAAAGGGCAATTAGTGTTGAAGGTTGTGCGTCCACACCTACTTAGTGGCTCAGTGGAAAGCACGTCGCATTATTTAAATCCTCTTTTAAAGTAAAATAACTGGAACAACGTTTGACGGTGTTGGGGGGTGCTGTACATTGGCTGATAACACTTAGCAAACACTGATCTTACTGTGTGAAGTAATAATTAGCTGCGGCCGCTGAGCAGAGAGCATTTACATTTTCCTACTCTTGAAGTGAATGTGTGCCTTTACTAAGTACAAGGAGGAGTTATTTCTAGAGAAGGGAAGAGGCTGAAGTAGCCAAAACGCGCACTATTTTGTATGTGGGTGAATTTTTATATCTAGAAACAGCTGTTTTAGAATTCTGGACTTTTGTTGTCTTAGGGATGATTGATTAGGAAGGGACTTTAACCCTGGTTTTAATAACCATTTTTAAAGATACAAACACAGAAAAAAAAGGGAAAAAATTGTAGCAGAGTTCACACAGAAAAAAGAAAAAAAAAGATGCAAAGAACACAGAATTTGTGTCCAGTTATTATTTTAACTGTATTTTAAGACTAGAAAGTATGTCGCGAAGTGGGACAAAGAACTCAAAAGTTCTTATCAGTCCAGTGGGTTTTT%C/A%TTTTACTTTAGTACACCATAATGTTATAGACGAGTGATCTGCCTTTTTTTTAAATCTGTATTTTACTTCATCCTGATAAACCATTTTGAAAACTTTGCGGTCCTGTTTTCTCTCTCTCTTTTTTTTTTTTGAGATGGAGTTTTTGCTCTTGTTGCCCAGGCTGGAGTGCAATGGCACGATCTCGGCTCACTGCAACCTCCGGCTCCCGGTTTCAAGCGATTCTCCTCCCTCAGCCTCCTGAGTAGGTGGGATTACAGGCATGCACACGCCCGGCTAATTTTTGTGTTTTTAGTAGAGATGGGGTTTCTCCATGTTGGTCAGGCTGGTCTCGAACTCCCGACCTCAGGTGATCGCCCACCTCTGCCTCCCAAAGTGCTAGGATTACGGGCGTGAGCCACCCCGCCCAGATTTCCGGTTTTGTTTTCTAAGAGATGGATAGAGATGGATAGCATACCTACATAAAGTAGAACCATCCACTAAGTGTTCCCCCACTAGCCCCCTGATTTCTCTTTTCTTTTCTTTCTTTTTTTTTTTCATATTTAGGTCTCAGTGTTATTTCCTGGATACGTTATAAAAACTTACTAGCTAAGTGCCAGATATCTAGAAGAACTTTTGCTTTTTCTGAGCTTTTTTTAACCCCAGTTTTTTTCTTTGTTTCTTTTTTTGAATTATCATTTGGATACAAGGTTGAACATTTCTCTGCGTAGCTTTTTAAATCTATGAATAAGGATTTACTTTTTTTCTTTTCTTGGGTGTTAATTAAAAGCCAAGCCAAGTTTAGTTTCTCAAGGACATACGGA,C/A
rs12694846,2,230283413,CATAGTGAGACCCCGTATCTACACACACACACGTACCCACACACATTTCATAAACTGTAAACGATCTAGGTCCCTTATGAGCACCTCTAAGGTACAAGTCCTTATGTGAGGGAGGCAAGTTAGTGCCTGGCTTTCATACAAGAAGCACAATCCCAAGGGCACACGTGGTGCTCCCAGAAGGGAAGTGTATACAATTGTTGGGCTTCCCTGAGTGGGATGTACATTAGTAAGGGAGAAGGTGAACAGTGTCTCTTACGTGGCTCCTGGCTGGCTGTAAGCCTTGGGGTTCCCAGTTCTGTTTATCCTTGATTTGTTTGTGTGTGGCTGGGGAGAGGGTGGGCATATGGGGGACTGCTTGAGGACAGTCTGTCCAATCTGTCCTATTTGTCCATGTCACCAACCAGGTGGCAGTCCCCCCTAACAAATGACTGAGAATAGTGGTGGAGACTATGTCTAGAGGGTTCTGTGTGGGACCTCAGAAGCTGGGCCCAGCCCCTGCCATCTCATGGCTGGTGCAGAGAGGCTGACTCAGCATTCTCAGAGGCGGGAGCGCTGGAGTAGTGTGTTTTCCTTCTGGACAAAGCATCCTTGGGTTCTTCTGAAAGACAGATATCACCAATGCTCCTGTTTTCTCCCATACCTCTTTAGATGTCTGGATTTTTGCTCTTGCTTCACTGCTGCAAAATCTGCTATACCATTCCAGTGGCTGTACCTTCATCTTTTGCCCTAATTATCTCCTTTTCTCACTTAGACTTTCCATCTACAAAATTAGATAGAAGTAGAGGAAAAGCATTTTATAA%A/C/G%ATGTGCCTGGAGTTAAATCTGAATCCCTAGGCACTTTGAAGGCCATAGCCACCAGGCTGGTAGGGGAAAGAATGAGGCATCATCCCTAGGAATGACCAGGGTCACAACAGAATCCTGAATTTTCAAGATAGGTCTACAGAACACTCGCAATCCCCACCACTTTTGTCCTGGTCACTATCCAGGAAGGAGATGATCCCTTTCTGGAGATTGCTCCCTTCAATGAGCCTACTGCCCTCCCATAGTGTGCGGACAGGAGGAGATGAGGGACAGTCAGAAAATCAGTGCACTGTGGAGTCACTTTTCTGATAAAGGGCACGTCAGACTGCAAATGGCCCAGATGGCCAGTTTGAGGACACTGATGAGTTTCTGGGGTCACCATAGCGTTCCTGGAGTCAGCTGCTCTGCAGCCTGAAGGAGGGCTGACAGTGTGGAGGCAGTGCTGAGATTATTTAAGGAAACTATATAGAAATTCTATAATGATTATGTAATTACATAATGAAAACTCTCCATATCAGAGTTCAGAATATCTCCCAATTTCCAACACAGAATATTATCCATAACACCATCAACCTCAAGGAGGATGTCCTCTCATTGCACATTTGAATTTACACAACAAACACTTGAAAAAGCAACATGAAACAGCAGTTATCATTCACTTTAAGGTGCCAGCAAGAGTTAATTTTCCATTAAAAATTTTGTTCAAAGGAACGTCATCTCCTGTAGTCTCTCCCAAGCCCATGGCCCAAGGCTCATGCAGAGGTAAAATATAACTCTGTACTCAACCTCCACGCTGCTACACT,A/C/G
rs13093489,3,27753416,AATTCAAGAGAAGTTTCCAGAATTGTAGGACATGGTTTCCTAGGCCAAAAGGACCCGTTGAGAGCCCAGTACAACGTATAAAATAGACCCATATGAAAGCACATCTTTGGGCACTTTCAGAACACAGGAGTCAAAGATAAGATCCTGAATGCTTCCAGAAACAAATACAAATCACAAACATAGGATCTGAAATCAGAATTTCTTTAGACTTCTCAATAACACTACTGGAAGCTAGGCAGGATTAGAGCAATGCTTTCAACATTGTGAAGGAAATTTATTTCCACTCTAGGATTCCATACCCAGTGAAATTATGACTTAAGTAGGAATGTCAATTAAAGATTTTTCAAATATGTATGCTCTCGAGAAACATATGCCCCATGTACTTTTTTCTCAGAAAGCCACTGGAGGATGTGGGTTAGCAAAACAAAAAAGTAAACAGAAAAAAATGCATGTCATAGGTTTCAGAAAACAGAGGATCCAACACAGAAAAGAGGCAAAGTGAAACCCAAGATGGTGATGAAGAAAGCAGAGGAAATGCTACATGAGGCAAGATGGCAACCAGTTTATTGTGAACTGGGTCAGAAAACTCCAGGGGAGATTCCTGTGAGAAAATAGAAGTAATACAATACTTGCTGTATCTGAATGTCTTATGAGGAAATTTAGACACCTGGAAGAGAGATAGGGGTTGAATTGGAGGAAAACAAAAACTTAGGCAGAAAAGAAAAATTTGTCACAATGTACTGCATGGCCCAGCAGTGAACTTCAAATACTGAGGTAACCAGGCAGGGTGCGGTGGCTCA%C/A/T%GCCTGTAATCCCAGCACTTTGGGAGGCCGAGGCAGGCAGATCACTTGAGGTTAGGAGTTCGAGACCAGCCTGGCCAACATGGTGAAACCTTATCTCTACTAAAAATACAAAAGCTAGCTGGGCATGGTGGCGCACACCTATAATCCCAGCTACTCGAGAGGCTGAGGGCAGGAGAATGGCTTGAGCCCAGGAGGCGGAGGTTGCAGTGAGCTGAGAGTGTGCCATTGCACTCCAGCCTGGACAACAGAGCGATACTCTGCCTCAAAAAAAAACCAAAAACCAAAAACCAAAAAACAAATATGGGAGTAACCAAAATTATGACATTGAGAGGCTGAGGACATGGTGGTGAGTGGGGGGTGGGGTGGTTGGGGAGGGTAGGGTGGGTCAGACTAGGAAAATCAAGAATAGTTATTTCAAGATATGAACCTGGGAGGCAGAGGTTGCAGTGTGCCGAGATCGCAGCACTGCACTCCAGTCTGGGCGACAGAGAAAGATTCCATCTTAAAATAAAATAAAATAAGAACCCAAATATTAAAGTTTAAAAAGTCAGGGATAAGAAATATTGAGGTGGCATTAATATTTTCCTCTTGTACTCCAGTGTATCATATTTTACATAAAAGTCCTGGACCCAGGGTCTCATACTTCTTGGGAGGCAACTGGATTGATTGATTGATTGATTGATTGATTGTACTTTAAGTTCTGGGTTACATGTGCAGAATGTGCAGTTTTGTTACATATGTATACACGTGCCATGGTGATTTGCTGCACCCATCAACCCATCACCTACATTAGATATTTCT,C/A/T
rs13388357,2,162465025,TGTGCATCATTTCACAGGGTAACTTCCTAGGAGGCAATTTCTCTTGATTCTAAATGGTCCTGAATTCCATTTTGGCTGATATTATACTATATATCTCATGAGAAATTTTTTTAGCTTTGACATTTTTAGATAAAAACTACAAGGACTTTTTATGTCTATCCATGTCTCCTAGGGGGAGGCATGAATCTCATAATACCTAACTGAAACAAAAAGTATTATGCAAGTGACAAAGAACAAATAGAAATCAAGCTAGTTTATGCCTCCTGATGGCAACTATCACTTTCTTTCTAACCTCTAGCCTAATAATTGTGTAATAATATAACTATATCCATGTCCCGGACTCCTTGATTTCCTTATTCTTACAGCATTTGACATCTTACTGTTAGATAAAATATGCCAGTTTTGTTTAAATACAGCTAAAACTGCTGCATTTACTCTCTTGTCAGACACATATAAATAACAAAAGGCAGGTATTACTCCCTTTGTGACAGTTCATCAAATTTTACGTGGTAAACAGAAGCAATGTCTTTTAACATAACTCATTTCATAAATAATCCTTCTTACTAATTTTACCTTACTGATAAATGTGTTTAACCCTCTCATATACAGATACATCAAGGGACTCTGTTCTATGTTGGCGTCTAAAGTGGTGGTTCCCCAACCCTTGGAGTTCAAAGTTTTGTAAAATTAAAAAAGAAATAAGGCATATTATAGGGTTGCCAACTTTTTACTTAACCAATTATGAATGTTAGGAAAAGCAACTATTTTTCTCTACCATGATCATTTCATAAAAGAATATG%G/A%AGATAAAACATCAGAAAGGGGAAAGTCTAGGAATAAAAGGCAATAATTTTAAATAAGCAAATTCAGCTTTACCAAGACCTTATTATACTGTTTCATCTCTATCATTTTGTTGTGGACAGTATTATCTGTGTCACCAGGAAGCACTGCTCTGAGACCAGCATATGGAAGAACTGTGAAACAAATTATCTCAAGTAGAAAATAAGTGGGTTGAGCTAAGCGATCTCTAATATCCCTTTCAGCCTTCATATACTCTGAGATTCCAATTGTTACTGCACTATTTATGCCATAAGTTATTCCACTAGTCAAGAGTAATCATTGCGTTGGTGATATTAAATGCAAGCTCTATGATCAAAGAAAATTTCCTATTAAAATAGTTTAAATTTTATTCAGATTTCCAATATAGAAATGTATTTTTAAAAGTATTCATGTGCCCTATACACTTATTATACAGGCAATTGCCGTGGCAGTACAGGACTTAATGGCAGGTTTCTGCATACAAAAATTTCTACCTGAGTATCTTTTGTGTTTAATTTAACTGTGCTAGAGTGAAAGCTGCCTCACATCAATCATTTCAGTTGCAAGGATATTGTTTTGTATAGGGACAATTCAGTGAGTCATGCTGAGTAATGGTGCGCATTGTATTCATTGAGGTTATAAGCAGAATCTGACTATAGTTAACTGGGTATATCAATATTGTACATTTACAAAAAATCCATTAAGTATCATGTAAAGGTGCATCCTGTTGTGGGGTCATGCACTCCTTTATCCCATTTTTATTTTTTCTCTATGAATTTTTAAGC,G/A
rs141992399,9,136365140,TGTTCTCCCGGTCCTCCTCCCCCTGCCGCCATCCTTTCTGCATCTTCCTGAGGGCGCGCTTCCTGTGAAGACAGGTGTCTCAGGCGCGACCCGGCTGCCGCTCCCCAGCCCGTTTTGGAGAAGCCTGGGGGCCGCCCGCCTACCTGCGGTAGTTCTCAAAACTCTCTTTGAGGCGCCGCCGCTCCTTCTCGGGCGGCTCCCCGCTGCTCAGGCCTGCGTCCTGGAGAAGGGGGAAGGCTCGGGCTCCGGCCGGCTCCCCTGAGGGAACCCGTCCTTCTCACCCGCCCCCCACTGGCCCCTGTAACTGCAGACTGGTTGGGAGGCGAGGAGCCCAGACAGCCTCAGCTCAGCGCCAAGCTCTCCCTGTGGGACCTGCCTGTACCCCTGGAGGTGAGCCGGTGTGGGTAGCCTGCATTTCAGATGCCAAGACACACCCAGGAGGCCAAGCCACGGCTCCAGCCTGGGGTCCGGGCCATTGTTTCTACAACAAAGCCCGAGGTGGTGCTTGCTCTCAGGACTCCTGTGTTCACCTCCTCATCCACTGTAAAGGCCCTCGGAAAACCAGGACCAGGCACATCCACGTCCAAAAAGCCCCCCAAGCTGCTGCAGTGCCCAAGAAAGGGGGATCCACTTCGCAGCCCAGACACCGCACCCCGAGCACTGTGGGCAGAGACCTTGTGGTCACTCCTCAGCTGTCGTCGGGGCCACCGCAGGGGGTGCCCAGGGCAGGGAGCCACTCTCCCTGTGATCGGTCACCCTGAGGCCCACGGCTGGGAGGACCCCACCCCGGGGAAGCCTTA%C/G/T%ATGGGGGTTCCGCAAAACCTGCTCCTGGTGCAGAGCTGCAAAGGGCTGTTTCGGGCTCCCCCCGCCGGCAAGGCAGCCTGGAAAGGAGAGTCGTGCCTGTGGGACCTGCCCATCTGCTGGGCCACGTATAGCACGGCTGCCCCACCCCTCCCCGGCATTGCAGTGGGGCTGTCTTCCAAGGCCTGGTGGGATCCCCACATGGGTCCAGTGTAGACTCTGCTTTCTGTAGATGAGACTGAGGCCTTATGGCCTCGCTTGCCTGTTCATTGCTCCAGGAGGCCGCCAGATGCCAGCCCAGGCCCAACGCTCCCGCCAGTGACCATCCCTCCCCCGAGCTGGCTGCCTGCCAGGGAGGAACGCCTCCCAGACCTCGGGGGAACTTAAACCCTGGGCCTGAGCAGCACCGTCCCCCATCACTCCAAAGCATCTGTGGGCATGGCGGCCCTGGGGAGAGAGTTGGGGACAGCTACAGTGGCTGTCTGGGTCCTCCTGAAGTGGGGGCAGGGGTACTGCAGCAATTGGGAGAGAACCTTCAGGCGGCTGGACCCCCTCAGAAACCGCCAGGACCTGGGCAGACCAGGGATCAGGACCCTTGGGCAGAAACCACGCACGTCCAGTCTCAGCCCCACTGCGGTGAGGGCCAGGCCAGGGCTGTCCTGGCCATTGGCAGCCCCTTAGAGCCAGCCCCTCCCCTGCTCACCCTCCAACCTTCACACCTGCCCCTGCTCCTGCCACAGCCACCCAGGGGGATGGGGGCAGTGCCTGAGCCGGACTCCTGGGTCCTGCTCGCCTCTGTGCCT,C/G/T
rs148783236,15,50492819,GCCCAGCTACTTTTTGTATTTTTAGTAGAGACGGGGTTTCACCATGTTGGCCAGGCTGGTCTCAAACTCCTGACCTCAGGTGATCTGCCCACCTCGGCCTCCCAAAGTGGTGGGATTATAGACAGCCATTGAGCCCAGCTGGAACTGTATTTTTTTACTGTGATTGTGTATCCATCCGTGAATAGTCAACACACTCTAGAATTTAAGTAATAGTACCCAAATAACCTCTGCTTCCCTTGATATCTACTCCACGGTATGGTTTTTTTTGTTTTTGTTTTTATTTTTTTATTATTCCTCATTTGGCATTCTGGGTGAGTTCAAACATTTGATAATGCCAAACTTCCAGGGATCATTTAAAGGAGTTTAAAAGAGCCTTCTCTACTAGAGCTCCTAGTTCATGAGAAGTGAGATAATCTATCTCAAGGTGTCTCTAAGAACCATGACCCACATTAAGAGGTTAAAGGTATGTGTTTCATGGGAAGGTCTGAGACCTTAGTCGTATGACTAATGTTAACCTAAATATTAAATGTCCTGGAAGGCCCAGCATCTTATGAGTTAACATATTAACTGTTTACAAGATGCCTGTGGTACAGGTGCTACAGTTTGCTGCCATTTATAGTATAGAACCTTAATTTCATATGCTCAGCATTTTAAGACATCTTGTATCCTTTTTCTTCCTCAGGCCAACATGTTATCCTAAAGCTGAGATCTCAAGGCTTTCTGCTTCTCAGATTCGGAACCTCAATCCTGTTTTTGGAGGTTCTGGACCAGCTCTTACTGGACTTCGTAACTTAGGAAAT%A/C/G%CTTGTTATATGAACTCAATATTGCAGTGCCTATGTAACGCTCCACATTTGGCTGATTATTTCAACCGAAACTGTTATCAGGATGATATTAACAGGTAAATACATGTCATACTTTTTGCATTATAATGCTAAAAGGATGATCTAACCATATTTACTGTCTTAGTCCATTAGTTTTCTGCTGCTATAACAAAATACCTAAGACTAGATAATTTGTAAAGAACAAAAATTTATTTTCTCTTAGTTCTTGACTGGGAAGGCCATCGTCTAGGTGCCGGCATCTGGTGCGCTTTTTTGCTGCATCCTCACAGGGTAGAAGGTGGAAGCGAAAGAGGACAGACTCGTCCTGTCGAGCCCTAAACGGCACCTAATCCTGTTCACCCGGGAGGGGAGCCCTCATGGCCTTATCACCTCTTTAAAGGCCCCATCTCTTAATCCTGTCACATTGGCAACACCTGAATTTTGGAATATTTGACGTGAATCTGGTGGTAACCTATGAATAAGTAAGCATTTTGGTGTAGGGCTACAGTATGTGAATAATTTCATGTTGACATCAAGAACCCATTTTACCTTTCAAACCATAGTACTTACCACTCAGCTCCAGAAAAGTCAAATTAGGAAAGGGGAAAATATCTTTATCCTTAGGAATAATGAAGGCTGGGCATGGTGGCTCACACTGGTAATCCTAGCACTTTGGGAGGCTGACGTGGGCAGATCACTTGGGGCCCAGGAGTTTGAGACCAGTCTGGGCAACAAGGCAAAACTCCGTCTCTACAAAAATTAGCTAGGTGTGGTGATACATGC,A/C/G
rs1580226,22,34413463,GTTTATTTTAAGAGTTCTCATGACAAAAAAATAAGTATGTGAGCTAATGGGCAGGTTAGTTGATTTAGCCAGTCCAAAATGTATACATATTTCCAAACATCATGTTGTACATCATAAATATATACAGTATTTTTAAATAATTTTTTTATTTGTGCAAATTTAAGAGGTATAAGTACAGTTTTGTTACATGGATATATTGTATAGTGATGAAGTCTAGGCTTTCAGTGTAACTATCACCTGAATAATGCACTTTGTAAACATTAAGTTATTTCTCATCCCTTTATTGTGTATATTTGAGGTTTACAACATGATGTTATAAGTATAGATAGTAAAATGCTTACTACAGTGAACCAAGTTAATGTATCTATTATTGCACATAGATAATTTTTGTAATGAGCAGCTAATATCTACTTAACAAAGATCTCTAATACAATACACTTTTATTAACTATAGTGTTCTATAGTGTTCATATTGTATCTTATATATCTAGATTTGTTTATTCTACAAATCTGCTACTTTAAATCCTTTGACCTATAGCTCTTCATTTTCTTTCCTGATCCTCTGCCGCTGGTAACCACTGCTTTTATTCTCTATCTCTGTATATTTGACCTTTAAAAAATGTGTAGATTCTGCATACAAATGAAATCATGCAATATTTTTTTTCTGTGTCTGGTTATTTTACTTAGTATGATGTTGTCTGGGTTCATCCATGTTGTGGCAAAAGGCAGGATATTCTTTTTAAAGGCTGAATAATATTCCATTGTGTATATGTATACATACAAACACATATACATATAATC%C/T%ATATGTGTATATACACACATATGCATACATACAGTGGAATCATACATGTATATGTATGTATGTATGTATATTATGTATATGTGTATATATGTATATGTGTGTGTGTCTGTGTGTATATATATATATATATATATGTATACGCATACATACCTACACCACACAATTTCTTTATCCATTTGTCAGCAGACACTGAGATTATTTTCATATCTTGGCTACTGTGAAAAATGCTGCAGTGAACATGGGAGCATGATATTTTTATGAGGTGGTGATTTCATCTCCTTTGGGTGTATAACCAGAAGTGGGATCACTGGGTCAAATGGCAATTCTATTTTCAATTTCTTTAGGAGCCTCCACGTTGTTTTCTGTAATGGTTACCCACATCTACATTCCTACTAACAGTGTACATGAGTTCCCTTTTCTCCACATCTTTCCCAACATTTATTATCTCTTATCTCCTGGATAATAGCTATCCTAATGTGAGTAAGATGATCTCTCCTAGTGGCTTTAATATGCATTTCCCTGATGATTAGTGATGTTGCACTCCATTTCATATTCCTGTTGACTATTTGTATGTCTTCTTTGGAGGAATTTCTGTTCAGGTCCTTTGCCCATTTTTAATTGGATTATAATATATATTTCTTATCAATATAAAAATTAAAAAGTACATTATCCATTTGTATGTACTTATTGCCATTACTGTGGGAATATTGTATCTAGAAATACAGAAAGAAAATACCATGTTACATCAATTCATTGTATGTAATCAGTGTTATGAATTGCTGATAAAGTATGTGAAATAT,C/T
rs17229679,2,198696033,TCATATTCCACTGGTTCACACTTTCTGTGCTAAGGGGATGGAAAAGGGGAATGGAGAGCTATGGTAGGGCTGCCTGTTTGCCACATTTTCCCTAAAGACAGGGTAAGTTATGAACATGCAAAGGCTATCCCTTCCCTAGGATAGAGTTAAAGTAAGAGATTGGGAAAAATGCTGGTGTTATGTTAAAAAAATTTAAAACGTGTACATCTCTCATCAAAATGTATTACTATGTGTTTATTTGTTCAAATGGTAAATACATAAGCCCTCAGATTTAAATATTAAAACTCTAATTTGGGGGAAAATTTTTAATAAAAATAGATTTAATATTTTTAACAAAAGAACGCTGGTTGTATTCCCAATGACAACAATAATGACTCTTATCTGGAATATAATCAATATCATGTTCTACTTTATTACATTTACATCTCTGCAAATCTATTCTGCATATACACATATAAAATCTCTAGGAATTGTAATATTTCCAAACTATACAGTCAAGGAAATCAAGTTTCCTTTTAGTTATTTTTTCTGTAAAGAATCATTTACAATAAGAAGTTACCTTTGGAACACTCTATAGAAATATGACTACATGCACAAGTAAACCCCAATTGGTCCCTTTGTGCAGATAAAACTAAGATTCCTTTTATTCTCTTTCCCCAAATTGTTGTTGAATTTGTGCTCAAGGACTGATTGTGGGAAAAGTTGCATTCTCTGTCATAAAAATAAAAAGAAAATATAATAAAACAGTAATTGGTCAATGACAATTGAGGCAACAACTTTACTGTGCCAGTCAAACATGC%A/G%TCATAACTGATCTTTGTACTCTGCTCAAGGTGCAGTGCTTTTCATAAAACAAATCCTACCTTATAAAGTTATTATTTTACACCAGGCCTTTCATCCTCTGGTACACAAGGCTATAAGTTACATGGCTATTAAAGTGGCTCTTTTGTTCTATAGTACTGCCATCAATAAAAGGACACTGGTAGTAAAGGTGAAAATAGATAATCTCAGAAATAAAAAATGAGATGTTAATTTTATTGTTTTCAATACTGAGAATATGAAAACATGCACATGATTAGTAAGAAATGGGTCACAGTAGGAGGAAAGGCAAGACTGACTTGCTGGTAATTACGCATTTAAACTTAGCCAACTCAGATAAAGCTAGTTATTTGAGACATCATCCAAAAATTTGGCCACTGAGTTCACCTCTCCAGTTACTCTTCCTGCAAGTTTTCAAAGATTATTATTTAGGAATTATTAGATCTCTCATAACACCACGCTCTGAAGGAAAGAGAGCTTAAGCTACCACCACAGCAATCACTGGCCTAGTTTCTTACCAGGTATCGCTATAAATTTTTAAATATTACTTGAGTAACTTTATTAGCTTTCTGCTTGAGAAACAACAGAATACACTTTCATTAAAGGATAGGACAAAAAATAAAAATTTTATAACGGGAAGCTGTTAATCTCAAAATCTTCTTTTTGGGCCACCACGACCTTAACAGACACAGTAAATGTCTCAGAAAACATGTAACTGGTTCACCTTTGAGAAATGACCACAGAAGAAAAGTGTCTAATAATTAAATTTTCAATAATTTTTAGAA,A/G
rs17622517,5,132467845,AATGCGGCCTCCTGAAGGCCAGCACTGATGCTGAGCTGAAACTTCTGCATGTGCCAAGGTCCAGCTGCCTCTGTCAGAAATCACCGTCCTTGGAAGCAGCCACAGATAGGTAGAGAGCTCCGGACAAAGGTGGACAAGGTCAGTGGGAGGACTGTCCAGGTGTCCATGTTTCAGAGTCCACCTGGCCAGCATTCCATTCTCACATAGCACCAAACCAGCACCTTGGTGGCCTGGTCCCAGCTTGCCAGGACAACCCCCCATTCCACCCTGTCAACCTTGAACTCTATAATGGTCATCATTTCATAGCTCTGCTCATTTTAGTTCCACTGGGTTCTCCCTTGTGCTTGGCACTTGACTAAGCTCCTTCTACACATTACATCTTTTACCTCTCTCAACAACCCTGTGAGCCAATTAGCCCCATTTTACAGGTGCAGAAACTGACACCAAAGGAAGTCAGTAATGGCCCAGGTGACTGCACCACTAGTAAGTGGGGAAGTCAGAATTTAAACCCAATTTAAACAGACCTAGATCCCATGCTATTAACCATTGCACTGTATTGACAGACACTCAATGTCCGTGCAGCTCAGTGTCTTCATTCTGTGACATGGGGATGACAGTACCGTACCTCACAGGGTTGGGGTGAGCATTGTGTGGAGTGACTTATGTCCAGAAGCACACCTTTGCACCAGTGGCCTTGGCACCCCCAAGGCATGCTCCACAAACAGCTTGCACATTCCTTTCTCACAGCGTGTGCTGCTGAAACATTGAGGTTTGTGGACCGGACTTCTCTGTAGCCCTTG%T/C%ATTTAGTTTTCACTTCCTCTTTCTTGACCTCCTCCCACCCCCCACCCAACTGCAAGGTAGGGAGGCTACTGAGGGGCCAGCCTGTGGATTCCAGAGGGCACAGGGCTATCTGGGATGGAGGGGACAGGGTTCTGAAGACAGAAGGTGGGAAGGTCACACTGTAAGGGCAGACATACCCCATTTCTTCTACCTAAACAACTGGGTGTAATACCACTGTTTCCCTGAGAAACACTTTCAGGATTAAAAAGTATATAAGTAAAGAAAATAAAGCATATAAGTGATCTGGTAAAGATGAAAACATGGCTGATCTGAAGGTAGTGAATTATCTCAATTGACTTCACAGTCAGTTACAGATCGAACTCCTTGTTCTACTCTTTTCCCCCTTCTCACTACTGCCCTTGACTAGTCTTTTTTTGTTGTTGTTTTTTGTTTTTTTTTTGAGATGGAGTCTCGCTTTGTCACCCAGGCTGGAGTGCAGTGGCGCGATCTCAGCTCACTGCAAGCTCTGCCTCCCGGGTTCACGCCATTCTCTTGCCTCAGCCTCCTGAGTAGCTGGGACTACAGGCGCCTGCCACCACGCCTGGCTAATTTTTTGTATTTTTAATAGAGATGGGATTTCACCGTGTTAGCCAGGATGGTTTCAATCTCCCAACCTCATGATCCACCGGCCTCGGCCTCCCAAAGTGCTGGGATTACAGGTGTGAGCCACCGCGCCCAGCGACTAGTCTTTAAAAAAATGAATAATATAAATTTTTTTAAAAGATGAAAACATATATATACCCTGTAACCCAAGAGTCCCA,T/C
rs183686347,1,67237759,GCTTAAAACTGAATGTAAGAAGTGGCTTAGGTGGATTTTGCCGGCTTTTGCAATAGATTGTATACATTTTTTAAAATTTTTATTTATTTTATTTTATTTTTTGAGACGAAGCCTTGTTCTGTCACCCAGGCTGGAGTGCAATGGTGCAATCTCGGCTCACTGCAACCTCCGCCTCCCAGGTTCAAGCGATTCTGCTGCCTCAGCCTTCTGAGTAGCTGGGATTACAGGCATCCGCCATCACGCCCAGCTAATTTTTGCATTTTTGTAGAGACGGGTTTCACCATGTTAGCCAGACTGGTCTTGAACTCCTGACCTCAGGTGATCCACCCACCTCAGCCTCCCAAAGTGCTGGGATTACAGGTGTGAGCCACCGCACCTGGCCACATTTTTATTTTAATAGCTGCTAGGGCTCAAGACCCAAAAACTTCTTTCAAAACAAATTACTTACCTATCTTGTGCTAGGACTTGTCTAGACATCTTCTTCAATCTTTAAAACAACCCATGAGATAAGTGTTACGCATCTATTTTATAATGAGGAAACTGAAACTTAGAGTAGTTGAGGAAACTTTTCAAGGTCATAGAGCTGCTAAGTGACAGACTAAAATTCAAATCCTTTTCTTTCAATGTCCTGGAGTCTATTGTCTTTCTTTTATACAAACCAGCTCCCATTTCAGTTGTTAGCATGACTATTATCGTATTGATGAGCTTGCCTAAACGTTTTAGGCGTAAAAAAATTGAGATCTGGTTGTACAATGGGTGAACATAACTCTAAATAGAAATTTCGAGTTGAAAACTTTTAG%G/A%CATGACTATTTCACCATTGACCACTGACAGACCATTTATCTCCTTGTGTAGAAATCAGGCAGGAATAGTATAAGAACTTTTGCAGGTTGTATTGCTATTCTTTGCACCTTCATTTATTTAATATTCATTAAGCAACTCCTGTGTACGAGGCACTGTTCTGGGTACTGGGGAATCAGCAGTGAAAACAATGAGCAAAGCCCCTGTCTTCATGGAGCTTCTATTCTAGCCAGACAGGGCAGAAAAACAGCAAACAAAACAAGAAGAAAAGTCAGGTGGTGGTGAAGTGTCGTAAAGAAACATGAAGTGGGTAGGCATGGTGGCTCACATTTTGTAATCCCAGCACTTTGGGAGGCCAAGGCAGGCAGATTGCTTGAGTCCAGGAGTTTGAGACCAGCCTGCACAACATGGCAAAACCCCATTTTTACAAAAAATACAAAAATTAGATGGGTGTGGTGTCATGTACCTGTAGTCCCAGCTACTTGGGAGGCTGAGGTGGGAGGATCAACTGAGCACCAGAGATAGAGGCTGCAGTGAGCTCCACTGCATTCCCGCCTGGGCAACAGAGCAAGACCCTGTCTCAGGAAAAAAAAAAAAAAGAGGAAAAAGAAGAAAAAGAAAAAGAAACATGAAGAAAGGTAAGGGCACTCTGAATTATCAATCAATTGCAAGCCAAGTGCTTAGGTTCAGTACAGTTCCCTAATTATAGATGCCTACACAGACCTACCTACACCTTGATATTTCTGTGGGATCAGTGGAGGTTAGGAACTCATGGCAGCTCTGTTAGATAAGTATTATTATCT,G/A
rs201014116,2,25278036,CTGCCTCCCTGTTTCCTTTCCGTCCTCTCTCCCACCACAGCCAGCTCCCCACTTTTTTCGCGGGGGCCCCCTCCAGCCTGTCCGGGGCCTCCCCGTTCCCAGGCCAGGGCTTCCCCCTCCTCCCAGACCTCGTTGCTCTGCCCGGTGAGGCCCCGGGCTCCCAGCAGGGGGCGCCTGCTCGCGATCAGGTGGCGGCCTGGGGGCGGCCTGGCGGTCCCGGCGGACCCTGACGCGGCGGGGCTCCGGGGCTCGCGGTGGCGCTGGGAACCACTGTGTCAGCCCTGCGGCTAGGGCGGGGAGTGGAGGACCCCCGGGCTGGCTCTCGGACCTGGACTTGGGGCTTCCGACTGCATTTTCTCCCCAGCCCGCTTTAGAACCTCAAACGTTTCCTACTTGGGACCCTCCATGGCATTTAATTACTTTTACGGATAATTATTTATTCATTAGAATATTAGAAAATCAGGGTTGAAAGGCTTTGCAGAGATCATTGAGTACTTGTTCAGCACTTAAATTTTGCAGAAAGCTGAGACCTGGGGGGTGGAGTGACTTAAGGCCGGAGCTGAGATGAGCTTTTCAGGGGTCCTGATGCCCCGGCAAGCTCCCTCTCCGCTGCACCACTACTGTTATTTCTCAATGTGACCCCCTTCCTAATTTCCCAGCCCCCCAAGCTCCCCAAAACAGAACGATTTTTCCCTATGCAGTTTCCAACTGGCTTCTTTCTGGAATTTTCTCCCTGACAGACTCTGCGCATGCCCACTTGAGTGATCACACACACACACACACACACACACACACACACA%C/A/G%ACAGACACACACGCTTTCCAGCCTGGCCGGGCCGCCTCGGAATGCGGCACTTGTCGTGAGTCAGGGAGGGTCAGCTGCTCTCTCAGTACGGCCTATGCAGCCCAACTGCTCCTGGCCCAGGCCCAGGGTCACCGCCAGGGCCAGGTGGTTGTGACCTTCCAGTGTGGCCCTGACAGGCCCGAACATGACCCTAGTGCATCTCAGGACTTGGGGGCAGGGGAGGCCAGGGTGCTTCTAACACTCGCCTTCGAGTCTGAGCTATACTCAGCCAGAGGCCACCCAAGTTCTCTTTAAAATGAACTCAAATCTCCATGACCAGGCTGTAGCCAGGTTTACCTCAGAGGGCAGTCACTGGCCTGAAAAGGGGCCCTATGCTCAGAGTAGAGAGGGGTTTTGTGCTGACCCTAATCCGGTCTCTCACCAGTTGCATAATCTTGGGTAAGTAATTTAACCTTTCTGAAGCTTCAGTCTCCCCATCTGAAAAATGAGGATAATAAGAGTCTTCCAGGCTGAGTGCAGTGGCTCATGCCTGTAATCTCAGCACTTTGGAAGGCCAAGGTGGGCAGATCACTTGAGATCAGGAGTCCACGACCAGCCTGGCCAACATGGCGAAACCCTGTCTCTACTAAAATTACAAAAATTAACCAGGTATGGTGGCTGGCGCCTGTAATCCCAGCTACTCCGGAGGCTGAGGCAGGAGAATCGCTTCAACCTGGGAGGTGGAGGTTGCAGTAAGCCAAGATTGTGCCACTGCACTCCAGCCTGAGCGACAGAGTGAATGAGACGCTGTCTCAAAAAAA,C/A/G
rs2066845,16,50722629,AATGTATTTAACTGGTCACTTTTTGATGACTATTAAGTTGTTTTCAGGTTTTTTGTTATTACAGTGTCATATCCCTGGGGCACAGAGCAGTGCTGGCACATAGCCAGAGCTCAATCGATACATACCTAATGAATGAAAGTACAGTGGACATCCTAATTCAGCCATTCTTTGCTAACTTGTGTACATACCTGTCCAGGGTAGGTCCCTAGAATACAGTCAATAAGTCAGAAGGTGTGAGTTGGGATCTACCTTTTGGAAAGGGATGTTTTCAAACTACAGTGAGTCAGAGGAGGATGGCCCAGAAGCTGGGGGAGTTGAAGCTGATGGCGTGAAGGAATTAGGGGTGTTAGGAAGAAGCAGGAGATAAAGAGCTAGCTTGCAGAAGAAGTGTTAGACTTGTTATGGGCAGGTACTGGAGGGTAGCTAAGGACTTGTGGGTGGCAGTTACCAGGAAGCGTATCTGAACTAAGTGTCAGAAAAAGTGTCACAACTGTAAATTACTCTTGTCAGTGAGTTCCTGTCCTTAAGGGTTAGGGCTGGGTAGCCCTCTACTATTCTCTAAGTCTGTAATGTAAAGCCACTGAAAACTCTTGGGTTAAGTTTGGCCATCCCACCCAAAAGATGGAGGCAGGTCCACTTTGCTGGGACCAGGAGCCCCAGTGAGGCCACTCTGGGATTGAGTGGTCCTGCCCCTCTGGCTGGGACTGCAGAGGGAGGAGGACTGTTAGTTCATGTCTAGAACACATATCAGGTACTCACTGACACTGTCTGTTGACTCTTTTGGCCTTTTCAGATTCTGG%G/C/T%GCAACAGAGTGGGTGACGAGGGGGCCCAGGCCCTGGCTGAAGCCTTGGGTGATCACCAGAGCTTGAGGTGGCTCAGGTAAGCTTCAGAGTCTATCCTGCAGTTTTCTTGGGGAGATCAGGTGAAGAGGGAGGAGCTGGGGCCAGTTCTGAAGGTCTTTGAACTTTATTTCTACCCCACAATGTTAGGCAATGGAGTAAGGAAAAAAGACCATTGGATTTCAAGAGAGGACACTCGAGTCTTTCTGGGTGACTTGGAAATGTCCCTTGTCCTCTCAGGGTTTTGATACAGTATCTGTAAATTGAAGATATTGGGCTGGATCAGGTACATTTTATCTTAAGGACCAATTCCAATCCATTGGTAGTGGGTGCCCAGTGCACCACATTAAAAAGAATTCTAAGGCTGCACCTGGGCTTAAAGAAGAGCACTATAATCAATTAGTGATGTCTAAAAAAGCTAAAAAAAAAAAAAAAAGAGCACTGCATTCAATTAGTGATGTCTAAAAAGGGTAGAAAAAAAAAAAAAAAGAAAAAAGAAAGAGCACCGCAATCAATTAGTGATGTCTGAAATGGAGCAGACCAGGAGAGCACCACGAATTTTGCCCTCCATAGGTTAGCTCATCTCTGAGGTCTTTCCCTGCTCTGACATACTTTTGTTCCATGATTACCTCCAGCCTGGTGGGGAACAACATTGGCAGTGTGGGTGCCCAAGCCTTGGCACTGATGCTGGCAAAGAACGTCATGCTAGAAGAACTCTGGTGAGTTTGGGGGATTCTCTGCTCTGGGGAAGTGGATCACAATCT,G/C/T
rs2227551,10,73909432,GCGGATCACAAGGTCAGGAGATCGAGACCATCCTGGCTAACACGGTGAAACCCCATCTCTACTAAAAATACAAAAAATTAGCCGGGTGTGGTGGCAGGCGCCTGTAGTCCCAGCTAGTCGGTAGGCTGAGGCAGGAGAATGGCGTGAACCCGGGAGGCGGAGCTTGCAGTGAGCCGAGATTGTGCCACTGCACTCCAGCCTGGGTGACAGACCGAGACTCCGTCTCAAAAAAAAAAAAAAAAAAATATGGCTGGGCGTGGTGGCTCATGCCTGTAATCCCAGCACTTTGGAAGGATGAGGTGGGAGGACCCCTTGAACCCAGAAGCCCAGCAAAACCTTGTCTTTAAAAAAAAAAAAGAACTGTGCACAAAGATTTCAGAGAGTGCTAAAGATTAGCGCATGGATAAGGAAGTTCTGTGAAGAGTTGAAGTGCTAGGTGAAGAGGTGGCACGGGGGAGGAGGGGGCGGAAGGGGAGAAAGGGTGTCACGCTTCATAACGGTCTCCAAACCTCTTTGTCCAGGAGGAAATGAAGTCATCTGCTCTCAGCAATCAGCATGACAGCCTCCAGCCAAGTAATCTGGAGTCATGAGAGCTGCTAGGGGAGCAACATGAATCATGACGGTCCCTGGGAATTTCCTGATAACTAACCTGGGAGTTTCGGGGTAAGTCCTCAGGCTGCAGCATCTCTGTTTATGTTCTGGTCACGTTTATTTACAATTAATGGGTTCTCAAATCCAAACAAAACTGACCACAGTCTTCTAGAGGAAGTAGCAAGGTTGGCTCTGAAGCCTATAGCATC%G/C/T%CTGACTCAGTCTGTCCCCTGGAAGGCTGGCAGCTCAGCAAGCACAGAAGTCTCTCCAGAAGACAGTGGGTCACCTGCCTCCCAAAAGCTGAAAGGCTAACTTGTACTTTCCCCAGCAGGCAGCTGGCACCCTGAGCCCTCGGCTGGGGCAGAGCAAAGGAGCCTTCCTCCTTCCTACCTTCCTGGCACTCTCCCTGCCTTCCTTCTGTCACTCTCAGGTGGACCCAGACCCAAGGTCCAGATTTGCAAGGCAGGAAAATGCTGCAGGCCTAGGCTGGGAAAGGGCCCAAAGCCGCTAGTGGATTGCTGGGACTCAGCCTCCTCCTTCCCACTAAGAGAGCGAGTCCTACTGGGTTCAAAATGACCCCAAGCCCTGGTTCCTGACACTAGGGGAAAGAGATGGGGGTGACAGAATCACAGAATCCCTGCTATGTTCCTCCAAGTGTGCCCAGAGATGCGTGTGTGTGTGTGTGTGTATACACAAATGTCTGCTTATCCTCAGGCAGGAAGGGTGGATGCAGTCATTTACACATGGTCTGTTTTTCTGGAGGACAATTTTATTTGATAAACAATTGTTTCTATCTGAATAGAATAAACAAGGCTCTATGATGAAGTAAAACACTAAATACACATGCATTAAAAAATGCATAATTATCTTTTTGGAATGGGCTATACAGAGATGTGCTTTTTAAAATGTTAAGAGTGTAAAAGGACAAACAGTGAAAAATAAATCTTCCTCTTATTTTGTCCTCCAGTCTCCCAATTCCTCTACTCAGAGGTGAGAACAGAACTTCCACACCC,G/C/T
rs2357623,16,50660100,GGCAGACACAAGTGGGAGAGGTCATCTGGGCCAGATGAGGCCAGATATGGAGGCTGAGTGGAGAAGCTTGGACTTTATGCTAAGAATGAGGGGAATCCCGTGAAAGCTTTGAGCCAGGGAGTGAGATGATCCATTTATCATTTTGAAAGGGCTGTCTGACAGCTGTGTGGAGAGTGGATTGGAGGAGGCAAGGCAGGAAGGAAACGGTGAAGGAGATGTTAGATTTGGGGGCAGTGGCGCCTGGGCGGGGTGGAACTGGGGAGGGGGGGATGGGGTGAGTTGGGCCATATTGGAAGGTAGGACTGAAAAAACTGGGAGGTGGATTCAAGGCCTGGTGTTTGCTCCGCCACCCCCAGATGTGGGTCCAGGGGCCAATGGATAAGGAGTGAAACAGACCCATCCCGCCCTCTAATAGAGGAAAGGAAGTAGAAAGGGAGCTGTACTTTAAGAGTGGCCCAGACAGGGTGCTGTGGGGCCCTCTGGGAAAGGGTGAGAGCTTTGACACTGCAGATAAGGCTGGATCAACTACCATTTGGTTCAGTCCCTGAAACATCACTTATTTCAGAAAATCCGGGGATGTCAGGTGAGCATGCTCCTAGGACAACCCTTTCGTTTCTGTTGTGGGTTGAATTATGTTCCCTGTAAATATATGTTCAAACCCTAACCCTTGCTACATGTGATATGACCTTATTAGGAAATAGGGTCTTCGAAGATGTCACCAAGTTCAAATGAGGTCATACTGGCTTGGAGTGGGTCCTAATCCAGTGACTGGTATTTTTATTAGAAGGGAGGAATTTGCT%A/G/T%GGCGTGGAATTTGCTAGGCATGGTGGCTCATGCCTGTAATCCCAGCTACTCAGGGGGATCGCTTGAGCCAGGAGTTCAAGACTAGCTTTGGCAACATAGCCAGACACTTATCTCTAAAAAAAAAAAAAAAAAAAAATCAGAGGGCGATTCGGGCACAGAAGCACACAGAAGAGAGAAGGCCATGTGAAGACAGAGGCAGAGACAGGAGTGAAGCAGCTACAGAGCGAGGAACGCCAAGTTTTGCTGGAAGCTGCCAGAGGCCAGGTGAGAGGCGTGGAACAGATTCTTCCCTAAAACATCAGAGGGAGCATGGCCCCACCAACACCTAGATTTCAGACACCTAGTCTCCAGACCTTGCTTACACCTCTCAGTTTGTGTTTGTTACCACAGCCCCAGGAAACATACAATCTACAAGTAGAGAAATGGAGCCCCCAATAAGTGGAGGGACTGGCCCAAGTGCAGCCAGTGCTCCAGTTCATCTAAACCCTGTGGAATGAAATCAGGGAGGGATGTCCTCCTGAAGAAGAATAACCAGCTGCTATTTCCAGTAAGAGCCAGGCAGGAAAAACCCAGAGACACCTAATGCATGACTCGCGGTTCAGTGCTCCCTCCCGGGCGCCTCTGGCTCCTCCCCACCTGGGGAATGCTCTGGAGCATCTCATCACACCTGTAGACCAACCCCTGCAGCCTGCCCATAGCCCCGGAGTAAAGAGGCTGCAAAGACACAGGGGAAAATCTGTCTTGGCGAGGGCTGCTCTGCCGAAAGCCTGCTACACAAGGGCTGTGCAGTGAGGTGCAGG,A/G/T
rs28701841,6,106082455,TCTTCTATCCTAACTTACCTTGGCGTGAAGAAAGTCAAGCCTCTACAGTCTTGTTCTTCCCTTAGAAAGGATGAGAAGAAATCGTCAGTCCCATTTTAAATAAAATCACCTGTGTCCTTTGGTTAATATTCTGTGATTTCAGGGAAGCACACGGTGGCAGGTACAACTGTAGGGTCCCTTTTCCTCTTCCAAGGGGACTGCTCCTCCCTGCACTGGGTCTTCTGCTGCTGTTCCTGCTCATCCTCCATAGAAGCCTTTCACCTTCATTTTTAAGCCAACTGGTCCTCCCTAATCTTATTCTTGGCGACCTTCCCTTTATTTCCACCTTGAGTCCTCCCCTCTTCCAGAATGGCTTCTCCTCCCACTGAAAGGTGAGAGAAGCAAACATTTGACCCACAGTCTTGCTCTCTCATTTGTGTGGAAGCTACTCTTCCGGTTCTCCAAATAAAGACAAGAGATGAGTTTCAGAGTGGACACCTTTCCTATTGCTCTTTTTCTCCCTTGTTAACAGTTCAGGTTTTGCCTTCTGTTAGTTTAATTTTAGGATTATTCCTTTTTTCCCACCAGCTGTAAGGTTAGGAAGTGTCTTCTGAGTTCTGAAATAATCTTCCTTCTCCTGTTCTTTCCCACAGACTTCTCAGAAATTAAAATTCTTCTGTCTGAATATTCACTATGATAAAAATATAATTAGAAGGGAAAGCAAATTTTGGAAACCCCAAACCTTGGTTTCCCCACAAGTCATCTGGAAATGATTAGTATTGCTATTATCATTTATTAAGTTGGTAGATGCTGAACTAAAG%G/A%AATAGTTTAAAAAATAATTTTAAAATCATATATAAATGATTAGATGAGAATACAACTGTCTTTCTGAAGGGAGGGCTAAAAAAGATATTAATACTTAGATGTAATGATACAGGTGGTTCTATAAATACTCTGAGACCTTGGACATCCTGTGGGTTTTATAAAGTCCTCTGGAGAACACTTACATCTTCATTCCTAGGGTGGGAAGGGAGCTCTACTTGTGTTCTTGAATTTACTTAATTTTTGTTTCCCTTATGTAGGAAGTCAAAACACTGACCTCATTCCAAAACATCCAACAGCCCCTGAAGGTCACCGTCCCAATGTTTAGGCCCTGAATATGTTTGTCAAAAGTTTTTGGGAGGTGAGCTGTGTCATGAGAAGGAAGCTTGTGCTATTTTTAAATTGATTCAACTCATCATCGAAACATATCGTACACATATCACACCAATGACACACACAGGCTGCATTGTAACATAGCATGTGTCATACATATATTCTCTCTCACTCATACACACATACTCGCTCTTCTTGTCCGGCTTTTAAAAAGGAAGGCAGCCAGAAGGCCAAGCCCAGTGATTTGAGTTGAAAAGGCTGTTAAAGTTTAAAAACCAAGTGTCCCTCTAGTTCTCAGCCTGGCTTTGAGACATGTGGGAGGGCTTCAAAGCCTCAGTGCCCCTCTCTCAGGCTCAGGCTTACAGTTGGTCCCCAAATGTTTACCAGCATGAAGATGCCTAACTTACAGGAAGCGGGAAATGGGTGTGGGGGGTGAGGGTGGGTGGGTGGTAGGGAGTAGGAAGAAGAGG,G/A
rs34939008,4,23344561,AAGAAGAGTTAATAACATCAGCTTTAATTGTAAAGGCAAATGGTCACAAAGTAAAATAATTATTAGATCCTTAGCTTCTTAACATTATTTCTTTCTGGATAATGTTTTCACTAAGACCATATTATTCTAATATAGGTCTGATTTGTTTTTATTGAACCCTTACTTTCCAACCTTTACTCCTTTACCTCAATGAGTCTTTTAATTCTAAGAGGAAACACTCCAGAAGCAACATGAATTCAGTTAAAAAGTACTGAGCCTCTGCTACCTCTCAGACAGTGTAAGGTATGGCAGGCAATGTCCTCATTCTTGCGGAAGTGATGGTCTAGTGGGGAAGAGTGAGGCCTTAAACAAATAAATGAACAAGAAAAACTTCACACAGCGATGTGTTCAGCTGAGACACAGAATACATGACATGTTAGAAAATGAACAAATGGCTGTTTTTATGAATGGTCAAAGAAGCCACCTCTAGAAAGTTAATATTGAGATCTAAATTACCAAGTAGATGGAACCATCTTTAAAGGAAGGATAAAAGCATTTAAGGCCGAAAAATGTACTTTGAGCAAATGCAAAGACTAATAGGAAGGATGAGCTTTGGCTCCCTCAAAAAAATAAACAAACGCCAGTGTGCACAAAAATTCAGAAAGGAGAGAATGGTGTAAGAGGAACTCAAGGATTTAGACATAGGCTGGATTTTTCAGGGTTTTGCAAATCTGAGTAACAAGATGGGGTTACACTGGGTGAAAGAAGAGGCCATTGGAGAATTTTACCCAGAGAAATTACATGCTCTGGCTCAGAATTTT%G/A/C/T%AAAGATCACTCTTGCTTCCATGTTGTGAATTGACTGCATAGGGGCAAATGTAGGTTAAAGCATCAATTGCAAGGATCCAGGAAAGAGATAACAGAGACTTGGCCTAGGCCAAAATTGGTGGCGTTGGTGACAAGCAGGCATATGCAGGAGATATTCTAAAGGAAGAATGCAGGAATTTTACACTATCTAAAGCAATTCTTAAAATCTTAAATGTTAAGTCAAATTTTACCTGTGATACATAGGGGTTCAACTTTTGAAATTTATCTAAATTGGGCTAGTACAGAAAGATATATGTATGTACAAAAATATTCATCACTTTCAAGGTTAAAAAAAAAAAAACCTAAGAAATCAAATGGGGAATTTTGAGATACTCATCAATGGGAAGCTATTTAGATAAGTTATAAGTAAAATATTATAATATTATTAGAGATGGCGTGAATTTATATTTACTGACAAGAAAATATGTCAATGGCATGTTGTTAGGTAAAAAAGTAGATTAAATAACATTATGTATACTGTTAAAAAGAAATTTGAATATATACTGATATGGGGTATGTACAGAGAGAAATGTGGAAGGAAATGCACAAAACTATTAATGTATATCATTTTAAAATATCAACAATAAATATATTGTCATTGGGGAGAAATAGATATTCAGAACTTAAACTAAGACATTTACTACTCATGACATCCCTAGAATTATTTGTGCAGACTTGTGGATATTAAGGTGTCAGTCTTTTGTCAATTTAAGTTTCCTAACTGTCCACATCTCTGCTAAGTCATTAATTTGTCAGCTTACA,G/A/C/T
rs35018800,19,10354167,GGCCAAGCAAGCCAAACAGTTCGGAGGTCAGTGCAAGGACAAGACAGCCTGGGCAAACGAGCAGGGGCGGAGCGTGAGAGCAGACTGCACCGGATCGCTCAGGCCAGCCCAAGCTGAAGAGGAAGGGGCAAGCTCCAGAAGCAGGGGCGGGGCCGACCAACCTCGCAGATCTGCTGGGCGAAGAGCAGCAGCTGGGCCAGCCCGATGCTGTGCCGGGGCAGGTAGTCTCGGAGGCTGCCCAGGGGCACGTACTCCATGACCAGCTGCAGCGACTTCTCGCCTGCCGCGGAGAGGGGCGGCCCCGGTGGGGGACGATAGAGGGCGGGCCGGGGACCGCCTACCTTGAGCCCAGCAGAGCCCCTCCAAGGTCGGGAGGGAAGGCCAAGACCCGCGCACACTAGACCCAGTTCTCAGGTGGGATGGACCCATCCAGAACCCCATTCTCACTTGAGGGAGCTGCTGGTGGCTCCCGTCCATCCTGGCCCCAGCAGGTAGCACCCCCCAGATGGGAAGGAGGCAGCCCAGCCACGCTCACCCAGATGCCAAGAACCGCGTACTGCAGCCTGGGGTTGAGAGTCTCTAATTGGCTAGGCCAGACTGGCCCCGCCCACAAGGCCACACCCACGCTCTAACCACGCCCCCTCAAGTCTCTAGGACTCGCCGGGTCCCGCCCACCTTGGTCCTCGCAGCAGCCCTTGTACTTGATGATGTGCTCGTGGTAGAGCGTGCGCAGAATGTCAATCTCCTGCTTCCAGCCCGAGCGGTGCTGGGGGCCGCAGTCTGCCTTGAGGGCTTTCACC%G/A%CCACCATCTCGCCAGTGCCGTCGTTGGTCGGATCGTAGCAGTACAAGCTGACCTTGCCGAAGTGACCCTGGTCGGGAGCGCACGAGGGTCAGCTCCACCTCCCCAATCCCTGCACCACTCCCCAACCCCCGATTTCCCGGGCCACTCCTCCAGGCAGATCCTTTCGGAATACCCCAGGCCCCGCCTACTCCGCTCTATTAAGACTCCTTGGCACCTAGGCCTCCCTCAAAGCAGAGGGTCCCACCCACATCTCCTGAGAATCACCTTAGGTAGGAATTTATCCTCAACCCCCAAACTCCTTCCCGACCAGGCGGGCCTTTTAGCAGCTCAGGCCCGTCCCTCACCTCGCCCAGATCTCGGATCTTTTTCAAATAGCGCTTGTGGAAAACCGTAGGGTCCGACGCCGGTGAGTCCGGGTTCACAGTCAAGACGTCAGCAAGATCTGGAAGAGTTGCGGTGGGTAAAGGCCTGACCCCGATCCTTTCCCCAGCAGGCCCACACTTGGGAGTCACAAAGCCAGCCACAGCTACCCCAGGATCCGATTCTAGAGGTAAGAAAACTTTTTCCTGCAACAGCTGAAAGAGTCCACTTATTGTACAAAATGATGCAGAGTTGGCTGCATCAAAACTGACACCTGTTTGGGAGGCCGAGGCGGGAAGATCACTTGAGCCCGGGAGTTCAAGACCAGCCTGGACAACATGGTGAAACCCCCTCTCTACAAAAAAGTTAAAAAAAAAAATTAGCCAGGTGTGGTGGTGCATGCCTGTGGTCCCAGCTACTCAGGAGGCTGAGGTAGGAGG,G/A
rs35074907,19,10489742,AACATTAGCCGGGTGTGGTGGTGCGCGCCTGTGGTCCCTGCTACTTGGGAGGCTGAGGCAGGAGGATGGCTGGAGCCCAGGCTGTTGAGGCTCCAGCGAGCTGTGATCACACCACTGCACTCCAGCTGGGCAACAGAGCGAGACCTTGTTTCTAAAAAAAAAAAAAAAAAAAAAAAAAAGGAAAGCAAAAGCAAAAGCAGTCCACAAAAGATGGGCTAGTCAGGACTCTTCCCCGCCCCCAGGGCCTCACCAAGGACGTAGATTCTCCCCTGGTGGACAGTGATCCCCAGGGCACTTCGCCGGTGCTTCATGGGGGCTACGAAAGTCCACGTCTCTGTTTCCACATCGTAGCGCTCCACGCTGTTCAGCTGGTCCTGACCATCATAGCCCCCAGCAGCATAGATACAGTTGTGCAGGACGCAGACGCCTAAAGGGCACCATGCAGAGAAGGTGACTCTGGGGGTCTGGCTTTGGGAACCCCAGCCATCACCTCCTTGAGGGAGACCTTTCCTCTCTCCTCTCCCTTCTCACCCTCAGAAATGAAGCGGGGAGAGAGAGAAGCTTGGACTCTATCAGAATCCAGGGCTTCTGTGGTTACCCCAGCATGAGGGTTGCAACAGGGGGTCTCTCCCAGGCCTGGCTCAGTTTCACCCCAGGATGGTAGGGGGTGTTCCTGGGTGCTCCCCTCCCTACCGTCCCCACCCACCTGCCCCGCTTCGGATGGTGTTCATTGCTGTGATCATTCGCCACTCGTTCCTCTCTGGGTAGTAACACTCAGCTGAATTAAGGCGGTTTGTCCC%G/A/C%TCAAAGCCCCCCACGGCATAAAGGAGACGATTGAGGACAGCCACGCCCACCCCGATCCTTCGTGTCAGCATTGGGGCCACCAAGTGCCACTCATCCCGCTCTGGCTCATACCTGCAAGGGCGTAAGAAAAATGGGGACAATGGCCATTATAGCTGACCTTCGTGGAATACTTAAGGGCCAGATACTCTTTTTTTTCCTTTTTTTTTTCCCCCTTAAAGAGACAGGTTCATCCGGCGCGATGGCTCATGCCTGTAATCCCAGCACTTTGGGAGGCCGAGGAGGGCGGATCACCTGAGCTCAGGAGTTTGAGACCAGCCTGGCCAACATGGTAAAAACCTGTCTCTACTAAAAGTACAAAAATTAGCTGGGTGTGATGGCAGATGCCTGTAATCCCAGCTACTCGGGAGGCTGAGGCGAGATAATCACTTGAACCTGGGAGGCGGAGGTTGCAGCGAGCTGAGATCATGCCACTGCACTCCAACCTGGGCAACAGAGCGAGACTCCATCTCAAAAAAAAAAAAAGAAAAAAAGAGACAGGGTCTTGCTCCGTTGTCCAGGCTGGAGTGCAGTGGTGCAATCACTGAAGCTTCAAACTTTTTTTTTTTTTTTTTTTTTGAGATGGAGTGCAATGGTGAGAGCATGGCTCACTGCAACCTCCACCTCCTGGGTTCAAGCAGTTATTCAGCCTCAGCCTCACAAGTAGCTGGGATAACAGGCACCCACCACCACGCCCGGCTAATTTTTGTATTTTTAGTAGAAATTGGGTTTCGCCATGTTGGCCAGGCTGGTCTCAAACACCT,G/A/C
rs35874463,15,67165360,GACCTTTTCCAAGCACAACTGAAGTGACTGAAGTGCGGGCCCTTCCCATGGAATGCCACTCCCTGAAGAGCAGTACAAAGTTGGGGAACCCACCGGGGACTGGTGGGTGAGGCCCGCTCTGCCAGCTGGGAGTCCTCACGGGGCCTTTGTTGTCTTCTCCTGAGATCCCTCCCAGCACTCTCAGCTAGCAGTGCTCTGATCTCCTGGACCTCTGGATCTGGGAGAAATGAGGGGAGAGAGAGCTTTCCAAGTGTCTGAAAGTAGGAGGCCGGACTCTGCAGAAAGCAAGCACAATCCACATTTCCCTCTCTTTCTGCCCCTCCCCGTCCTGGCAGGTCCCTGGATGGCCGGTTGCAGGTGTCCCATCGGAAGGGGCTCCCTCATGTCATCTACTGCCGCCTGTGGCGATGGCCAGACCTGCACAGCCACCACGAGCTACGGGCCATGGAGCTGTGTGAGTTCGCCTTCAATATGAAGAAGGACGAGGTCTGCGTGAATCCCTACCACTACCAGAGAGTAGAGACACCAGGTATGCTGCCTGGCCTGCCTGTGGGGACAGCAGGTGCCAGGGGTCATCACCTCTCCCCGGCTCCCCATCCCCCCGAGGGTCTGCGGTGCACTTGGGGGTGCGGGGACTTTGGTGCTGGTCTGGCATCGACACTGAGCCACCTCTGCTCTGTCTCCCCCGGACAGTTCTACCTCCTGTGTTGGTGCCACGCCACACAGAGATCCCGGCCGAGTTCCCCCCACTGGACGACTACAGCCATTCCATCCCCGAAAACACTAACTTCCCCGCAGGC%A/G%TCGAGCCCCAGAGCAATATTCCAGGTAGGCACGTGGGCGGCACAGGCTGGCCTGGGAGGCAGGGGCAGCGGTCAGCCCCGACATCAGTCCTGTGGCCCCAATCTCTGCCCCCTGGCCGTCCCCCGCTCACCCCCTCTTTGCGCACAGCTCTGGCCTGAGGGCCCCTGACTCAGAACCGCATCCCTGTTGGGAGAGGACCCATGACCTCAGCTCCCCCCTCACTAGTGATGCTTTTCTTGGCATAGAGGAGCAGCGTGACCCTTCCGCCCGGCCTTGGTGCAGTCATTTATTTTGGAAGCGGAAATAGCAACACTGTTTCTCTCACCGCCCTTGAGGCCCGGACTGGTGTTCAGTCCCAATAGACTGGGGGTCTGCAGAGGCGGGGAGTGAGCTGAGGGCCAGGCAGCAAGTGCGGAGAGCTGGCTCTGTAAATTCGCCTGGGCATCAGGCCTCGGTGAGGGGCTCCAACCTGGGTGGGAATTGAAGTGACTTTGAGTTTTCACTCTGCAGGGAGAAATGGGCTTTGCCGTCAAAGACTGCAAATGTTTTTAGAAGCCCCTCATTTACATGCAAATAACGTGTGAATCACCAGCACTTTCAGACTCCAGGAAAGCTGTGCTTGGCAGCACTTGGGCTAGTCACTTTTGCTTGCTGGGGCAGTAATCCTGCTGCGTTCCTCTTAGAGCATTCTAATTTGGACGTGACGTTCATCCTGGGTTAGTTTACTGGGCTGAGATTGGCTACAGGCCTGTGTGCTTGGGTCAGAGTGTTAAGGAGGAGACCCACTGTCCAACCTTCTC,A/G
rs4456788,21,44196441,TTCATAGAATACACATTCACACACCCACAAAAATCAAGAGAGCAGATTTTCCAAAAATAGGTGCAAGAAAGATCCAACTTCCAGGATAAAATTTTAGAACCAACATTTCCATTAGCAAAAGCGGTCTTGTCTAAAACTCTACCGACCGCGCTAAAATCCCATTCAAAACAGAGCTCTGGTTACGTAGATCGTGATCAATAATGAGAAACTGTGAGGCGTCCCCGTGGGATCTGACACTTCCTAGGGGAGCTTCTCTCCACTGGTAATAAAGATATAATTAGGAATTTCAACTACCTGTGATTTTGCCAACTTACGGCATTTGTTGAGAATTTCGGTCCCTGTGTTTATGCACACACCTTTCAACCTTAGATTTGACGGTGATGGGTTAGTAAATGTCAATTCTAAAGTGGTCGTTTTCAACCAGGGGCAATTTTACCCCTCAGGGGACACTGGCAGTGTCTGGAGACATGTTTGGTTGTCATGACTTGGGGCAGAGGTGCCACGGGCACCTGGAGGGTGGAGGCCGGGGTGCGGCTCAATACCCTAACCACACAGGATGGCCCCAGGACAAAGATGCCCCTGGTGCTGAGAGCAGGGCCCTGTTCTAAGAGATGGGTGGCTGGAGCCTGGCTGGAGGGCACTAGTGGCACTCTGGGCTGGTCTCCCAGGGCCCCATCTGCCAGGTCGGGGGCCCACGTGGGCCTGCAGGATGTGCGTGCTTCTCTGCTGTTGAGATTGCATCAGCACAACAGCCACAGCCGTGACACGGGGGCAGGCACCTCAGTGACGCCAGAGTCGGG%G/A/C%CGGGAGGTGTGGAGATCTGGGCTTGCTTCCTCTTTTCAGTCCCAGGACAGCTCCTCTTTGGCTGTGGGAGGCCCAGCTTCAGCCTTGTCTGTGGCTTCCTGGTGGGAGGACACAGGCCTTGAGGGACGTTTGTCCGAGACGGTCCTCATCCTACTGGTAGGGACACAGAGCACCTGTTCCTCTGGCCCCTCCAGGAGCAAGACACATGCACTGCTGAGGCCTTGGAAGCCTACACAGGTTTATCACCCACGGCCAGACCTGTCTGTCAGGGAGCAGGTGGGGTCATCCTGCCCTGAAGCACCGATGAGCTGATCCCGGTCATGCAGAGTGGGTGGGGACCTCTTGGCTGGGCCTGTTCATGTAGCACACACGGCTTTGCTGCCCATAGAATCCAGGGCCCCCAGTGTGAGCACCACTCTCCATCCCTGAGGCCGAGCCTTACCCTGGAGGCAGCCTCAGGTGAGATGCCCCTAATGGAGCCACCTGGCAATGGACCGCTCTCAGGTCCTTCAGCTCGGTGCACTCACCCGGGAGCCCTGCGTTCTGTCCTGGGGTAGAGGCTCAGGGTTGGTTTGAAGCCATATAGTCAGCTCCCAGAGTCACAGAAACGTCCAAGGAAGAAAACTGTCCGATTACAGACTTTTAAAATTCATTCATAGTTTAATCAAGAGAACTTGCTGTTCCTTCCTCAAATTTCCTAGAATTGGTCTTCTCATAATCACCACCTAGGGCACAGCTGTGGCCGAGGCTCCCATGATGAAGCGTCTGTGTCAGCGCTGACGAGGTCTGCCGAGGACGCG,G/A/C
rs4876208,8,2191959,CCCTTCCTCCCTCCTTCCCTCCTCCTTTCCTCCCTCCTCCCTTCCTCCCTCCCCTCCCTTTCCCCTCCCTCCCTCCTTCCCTCCCTCCTTCCCTGCCTTCCTTCCTTCGTTCCTCCCTCCCTTCCTCCCTTCCTCCTCCCTTCCTCCTCCTCCCTTCCTCCTCCCTCCCTTCCTCCTCCCTTCCTCCTCCCTCCCTTCCTCCTCCCTCCCTTCCTCCTCCCTCCCTTCCCCCTCCCTTCCTCCCTTCCTCCTCCCTTCCTCCCTTCCCCCTCCCTTCCCCCTCCCTTCCCCCTCCCTTCCTCCTCCCTTCCCCCTCCCTTCCCCCTCCCTTCCCCCCCCTTCCCCCTCCCTTCCTCCTCCCTCCCTCCCTTCCCCCTCCCTTCCTCCTCCCTCCCTCCCTTCCCCCTCCCTTCCCCCTCCCTTCCCCCTCCCTTCCTCCTCCCTTCCCCCTCCCTTCCCCCTCCCTTCCCCCCCCTTCCCCCTCCCTTCCTCCTCCCTCCCTCCCTTCCCCCTCCCTTCCCCCTCCCTTCCCCCTCCCTTCCCCCTCCCTTCCCCCTCCCTTCCCCCCCCTTCCCCCTCCCTTCCCCCTCCCTTCCCCCTCCCTTCCTCCCTTCCTCCTCCCTTCCCCCTCCCTTCCCCCTCCCTTCCCCCTCCCTTCCCCCTCCCTTCCTCCCTTCCTCCTCCCTTCCCCCTCCCTTCCCCCTCCCTCCCTCCTTCCTTCTTTTCTTCCTTCCTGTTTCCTCCCTCCTTTCCTTCCTTCCTTCCTTCCACCTGTGAAGTCTGATTGAGATAAGCCACAA%C/G/T%CAGGCAGAGCCCATATTTATTCATTTCTGTATTTATAATGTCTGAGCCAAGCCAGGCACTTGATATACGTTTTTGAATGAATTAATGAGTAACTGATCCTAATTAATAGAAAGCAACCCCAGACACACACACACACACACACAGTATATATATGTATATATGCACATAATGTATATTATATAAATATATGTTATGTGTGTATATTATGCATATTTGTGTATATGTATATATTACTCTATACAAGTCATGGTCAAGTAACAAGGTACAGTGATTAAGAGTTTGGCTGTAGAGTTTGACAAACTGCTAATTAAATTCCTCATCTGTGGCTTTTTAACCCTGTTTCCTCAAACAAGTTACCTTAATACCAGCTCCTTCATTATAAAACAGGGGCAATAATTGTCTCTTGTTTATGAAAGCATATCCACCTCCTAACAGCATGCTTATTTTCCATATTTACCCATGTGCCTGTCTTTCCTCCAACCTTCTAGCCTTTGAGCCCCATGAAGGCAGTACTACGTGTGCTCATTATTTTATTACTGGCACTTAGAACAGAGTTAGGAACTTGGTAATTATTTGTGGAATAAAAGACCACTTAAGGTTGTAGTCAGGTATTTAACGAAGTGCCTGATGTATAGCAAACACTTATCTAATTAAAGTTCAAATTTACTATTATCATGATTAAGAGGTACCATACATCTGGGATACAGAGCAGTGCAGAGAAGGACTTTTATAGATTTTATCACACACAGAAAGTTGAAGGAGGTTGAACTTCAACTGTGGATAAGACTTGAATTAATAGA,C/G/T
rs5757584,22,39266545,TCACAGGCACTCTCTTCCTGGACACACCACCTGCTCCGAGGCAGCCTCCATCCTCCCCCACCACTAGACACTCCGAGCAGTGGAATACCATTGAGGAGGTCCAGGGAAACAAGGTGATCCCATCATGGTGAACTGAGTTTCCATAGACCCACACACACATACCCTTACACACATACATACTCCCCTAGGGAAGGGTGGCTGGAAATAAGGTAACAGGACACATATGAAGGTTCTGGGAGGCTGGGCACAGTGGCTCACACCTGTAATCCCAGCACTTTGGGAGGCCGAGGCGGGTGGATCATGAGGTCAAGAGATCAAGACCATCCTGGCCAACATCATGAAACCCCATCTCTAATAAAATACAAAAATTAGCAGGGCGTGATGGCACGCGCCTGTAGTCCCAGCTACTCGGGAGGCTGAGGCAGGAGAATCGCTTGAACCCGGGAGGCAGAGGTTGCAATGAGCCGAGATTGTGCCACTGCACTCCAGCCTGGAGTAACAAGAGTGAAACTCCGTCTCAAGAAAAAAAAAAAAAAAAGTTTCTGGGGACCACAGCCGGTAAGGGGCTCACTCTCAGACTCCTGGGTTCCTGCCCCTTAGGGCCTGGGGGAGAAGGCCTCGTTTAAACAGAGAGTTTATTCATCTTAGTGATCTCTGTGTCCAAAGCCCATTGCACAGGGGAAGCTGAGGCCCAGGAAGCCTGAGTGACTCGTCTAAGATCACACAGCAGTATGGGAAGAGCCAGCCCTAGAACCCAGGACTCTGACTTCCTGGCCATGCCCCTCCCACACAGAGTGATG%C/G/T%GTGTCTAGAGATCACCCCAGTTCTACTTTCCAAAATGAGTCAGGAACATCTGTACCTCTGGGACTAAAAATACTCCCAGGGACACCCCAGTAAGAACGCTGACATCTTTCCGGGTGTCTGAAAACAGAACTGGCCTTCCTAAGAACTAACAACGATACTGTTTTCAGCCACGTTCCCTTCCTGTTCTTGCTACACGCTCTGTCAAATAGGTGGCCAGAGGCCCGGGTGCAGATGCAGTGGCTCACGTCAGTAATCCCAGCACTCTGGGAGGCTGGTGGGCGGATCACTTGAGGCCAGGAGTTTAAAGACCAGCTTGGGCAACATGGTGAAACCCTGTCTCTACTAAAAATACAAAAAATTAGCCGGGTGTGGTGGCACAAACCTGTAGTTCCAGCTACTCAGGAGGCTGAGGTGGGAGGATCACCTGAGCCGGGAAGTCAAGAGTGCAGTGAGCCATGATGGCATGCCACTGCACACCAGTCTGGGCAACAGGAATGAGACCCTTTCTCCAAAAGAAAAAAGAAAAGTAGGTGACCAGGCCCCATCTGACAGGATGTGCCACTGAGGCCTAAAGGGATCTGCCCAGGATCACACAGGCAGCCCCTGACACCTGGCTGCCACCTCCAAGCCTAGAACCTTCCCTGATGCCAACTCCCTCTCAGAGACTCGAGGGCAGAGCACAGACAGCATCCACCCCATCCCCACCCCGAATTCCTTTGATTTTTTTTTTTCATTTTTAATGTCTTGGCCGGGCACAGTGGCTCATGCCTGTAATCCCAGCACTTTGGGAGGCCGAGGTG,C/G/T
rs61752717,16,3243407,AGGTTGCAGTGAGCTGAGATCGTGCCACTGCACTCCAGCCTGGGCCACAGAGCAAGATTTGGTCTCAAAAAAAAAAAAAAAAAATCATAGTTCATTAATCCAGGTACACAAATACTTCTATCCCAATCCAGTCTGCTTGCGTTTCTCTAGGCTTCCCATATCCTCAAGACAGAAGCAGAGAGAACAAGGGGACATATATCCTTGCCGTGGGGTTCTGAGGGAAAATGAGGGCCAAATCTTCTGTTCAGGAGCACCTGAGAGTGCCACCCACCAGGGGCGGATTATGCAACGACTCCGTACTTCCTCCTCTGAAATCCATGGTGTGTCATCAGTACATGTCTTCACCCGGATTGACTAACATGTTCGTTCCTAACTTACCTCTGCTATAATCGGGTAGGCTCCGTGGGCACAGTAACTATTTTGTTATTTTTGCATTTCCCATAGCAGCTAGCACCTAGTCGGCATTCCGTGACTATTGAGTGTGAATGCAAGATACAAGGCCAGAAGCAGGAAGAGAGATGCAGTGTTGGGCATTCAGTCAGGCCCCTGACCACCCACTGGACAGATAGTCAGAGGAGCTGTGTTCTTCCCTCCATCACGTGTCCCAGGGCTGAAGATAGGTTGAAGGGGCCCAGAGAAAGAGCAGCTGGCGAATGTATAGATGTGGGATCTGGCTGTCACATTGTAAAAGGAGATGCTTCCAACTCTGTAGTCCACGAAGATGCCCACACGCTTGGGAGGCTCCTTTATTAGCAGGCGGGTCGGGGGAACGCTGGACGCCTGGTACTCATTTTCCTTCA%T/A/C%CATTATCACCACCCAGTAGCCATTCTCTGGCGACAGAGTCATGTTCCCTTTCCTGCTTATGGATGTCTTGCAGGCTCCCAGGATCCATGCTGTCTTGTCTCCAACCTCCACCTCCCAGTAACGGCGGCCAGAGAGGAAACTCGGAGAGCCCAGAACAATGATACAGCTGTCAAATCTTTGCGGGCCATCAGGCAGCCTCTCCCACTTGTTTCCAAGTCTAACACTCTTCAGATCATCAGAGAAGATGAGGTTGGGGTAAGCGGTTTCTGCATCCAGAATCACATTAACTGCAAAGAAAATTTGAATACCTAGGTAGGGGTCCATGGGCAACATCCCTACAGGGTTCTCCCCACCTGCAGGAAACAGGGACAGGGTAGTTCTTCTGGAACGTGGTAGGGGAGAGCACAGGGATCCAGCAGGCCAGGGCCACTTGCCTTGATCTGGGCACTTACCAGCATGTGCCTGAGCGCCAATCAGCTCCGGAACTACGGAGAAAAATCAGATAGGGAAAAAAATCCTGAGCATTAGCATTAAGAGGGGCTAAATTACACTGTCCTGACAACAAGGAAAGACAAGGAACCCCCTGCTTAGGGCCCTGCATGCTATGTTGGGTATAATCCCGTTCCTCCCAGGAACCCAGGCCATGTTGGGGACTGTGGTCTAATGAGTCAACTCAGTCAATGAGTCACGCACAGAGCCTGGGGGGCCTGCCATGACCTTTCTCCTACCTTTGCTCCAGGTGTTTGGTTTTTTTTTTTGTCTTCTAAATAGGGCCCCTCAAGTCAACAGCACAAGGGAAC,T/A/C
rs61802846,1,161504083,TCCCAGCTCTTAAGGAGGCAGAGGTGAGAGGATAGCTTGAGTCCAGGAGTTCGAGACCTGCCTGGGCAATATAGTGAGCACTCATTCTCAAAGAAAAAAAAACATTTTAAGAAAAGTTTAAACATATTTGTGTTTTTTAAAGGCTACCTTAGATACAAAATCATTGTCCTGAAATTTTACAGTTGGACTGAGGTGGGGTATAGTATATCTCTTGGGTAAGCAGAGTATAGATGGCCTGAGAACAATTTGTTGCTCCTTCCTTTGCCACCTGCATATGTGAGGATAACATTCTTTTGCCTGTATAGAAATGAAGTGTGCATTTAATTTTCAGTGTATGGGTATTCCCCTAGGAATCTCTCTAGTCCTAGCCATGATCACAATGTCTGAATCTACCATAACCAGCCCCCTCTCAGACCCATATACCCTGTCACATTCTCTGTAAGATACTCTCCACAGAATATGTCTCTAGCTCTGCTGGCACCTCCCTGGGGGTCTTTACTAGCTTACTCCCAACTTGCCACTCCATGGAGCATACGTTGCTATACTTCCCACCCTGGACTGCATCCTGTATGCCTTGACTCTCAGGAGGTCCAGACTATGGGCATGATAACTAGCAACCACTATGGCGAGCAAGATTCCCACTGCACCAACAGTGGCTCTCCACCTGCTCTGGGAAACATTCTTCCTTAGGCACTGGGAATGAGCACCCTTTTCAGGTAAAATACCACCCACTAAATACAGGGGTGTCACTATCTTCTCACAGGCCCATCCATAAAAGAGTAGCATAAAGATAGTAATTA%A/C/T%ATTATTTAACATTTTCTGATATTTTTGTTATTATTCTAAGTACTTTATACAATTAATTTATCTGACATTATTTAACCTTCAAAACAACTCTATAAGGCAGTTACTATTTTATTTTATTAAATTTACAAAAATAATAATTTTTTTATTTAATAAAATCCCCCATTTTATTTACTTTTTAATTAATTTTATAGAGATGAGATTTCACTCTGTTGCCCAGGATGGTCTTGAACTGTCTCTATTATCTTCTAATCTTGACTTTTTTCCTTATACGCTACAATACTCCAATGAATATTCTTGTTGATTTTTTTTTTCACACCTAAGTGTTTCTATTGGATGTATTTTTTGAAATGGAATTTTTAGGTGATAAGGCTTACAAATTTCAAATGTTTAATAGATAGTGCCTAAATCCCCTTCAAAAATGTTTGCCAATTTATAACCCCATTATTTGTGTTCCATTTTTGAAAGATATAAATATGTGTGCAAATCAACTGCTCCGCATGGGTAGTTCCTTACAATTTCTGTAATGGAAAACATAGAGGGAAAACTACTTGCAGTTTCAGTGGGAGAAAAGGTTCCCGTTTCAAGAAAAGAAAATTTCAGTAGGAGAAAATATTGTGAAAAACAAGGTAATTTTCTACTTTAAGTTTCTGTCCTATGGGTATAAAAAATAGCTGGACATTATCTTCTTCCCAGGCTCTTCTCCCCTCTTCTCCGTCAGGCTGCATTGCTGGTCATTTTTGGCTCCTGTTGGAAGCAAACTGCTCTAATGCCTTTGGATAAGATTTTAACCAGGAATTATC,A/C/T
rs67412457,16,1475709,CGGCGCCGCCTCCTCGTCGTCCCGGTCCCGGCCGGACCAGGACACCTTCTTAGAGACGTTGGCCATGGCCCGCCGCGGAGCGACACCGGCCGGGAAGCGCCGGCTGCCCCCGTGTTTGTTCTCGTGACCCGCGCCGGCGGCCACGTGACGCGCGACGGGGCCACGTGATGAGCGACGGCGACCATGTGACCTGCAACGGCAACCACCGAGGCCCGGTCGCGCGGGGGCTCCTGGGAGCCGCGCTCCCGGCGGGTCGTGGCGCCGCCCGCCCTAGAGAATCGCCGCGGCCCTGAGGACCCCGTTCTGCCCACGCGACTGCAAAGGCGGCCCCGTTGGGCTGAGCGCCGAGTGCTTGGGAGGCGAATGGCCGCCCCCGGGACCTCGGGCCCGGGAGTCGGGGCGAGGGAAGCGCCCGGGGCCTGAGGGCAGGAGCCGGCTGGAGGGGCTCCCCCAGGCCCGGTCGCCCGCGCCGATCGTGACGGAGCCGCGGTGGGGAAGGGAGGAGGGAGGCAGGGGCGAGGGCAGGCCTTTCCTTGCCATAGGCGGCGGCTAAAGACGTGAAGGATGAAATTAGAAGTCCCGAAGCATGCATCCGCCCTCGCAGTAGGCACTCGGGCGAGGGTCGGAGTGGAGGCTTCCTCCAGGCAGCCCCAGAGGGTCCTCCCGCCTAATGAGAAAAGAACAGAAGGCGAGTCCTCTTCAACGATCAGGCCCCAGAGACAGTACAGGAGGGTCGCCTCTGGAAACTGCCGGCTACTACGCAGATAGCTGTGAATTAGCCAAATAGCCGCCCGGACCCT%G/A/C/T%TACCCGCACCAGGGCACAGCCCATCACTAATCAATGGTATTTCCATAAACCAAAGAGAATTCTTGACAGCTTTACATCAGCCCCCACCCTGTCCCCACCTTCTGGGTCATTTATTTATTTATTTTGAGACAGGGTCTCCTTCTGTCGCCCAGGCTGGAGTGCGGTGGTGCGGTCACAGCTCAGTGCAGCCTTGACCTCCTGGACTCAAGCCATCCTCCCGCCTCAGCCTCTGGAGTAACAGGGACCACAGGCCTGCACCACCACACCCGGCTAATTTTTGCTGTGGAGCTCACAGTGTGTTGCCCAGGCTGTTCTCAAACTTCTGACCTCAAGTGATCCTTCCACGTTAGCCTCTAGAGTAAACTCTTTATATTTTGTGCCTCATCCTCTTCCTTTTAAAAGGTCGATATTTTTATTATTGAGACGGAGTCTCACTCTGTCGCCCAGGTTGGAGTGCAGTGGCCCAATCTCGGCTCACTGCCTCCCGGGTTCATGCCTCAGCCTCCCGAGTAGCCGGGACTACAGGCGCCCGTCACCATGGCCGGCTAATTTTTTGTATTTTTAGTACAGATGGGGTTTCACTGTGTTAGCCAGGATGGTCTCGATCTCCTGACCTCGTGATCCACCCGCCTCGGCCTCCCAAAGTGCTGAGATTACAGGCGTGAGTCACGGTGCCCGGCCTTTTTTTAAATTATTATTATTATTTTTTTATTTTTGAGACACAGTCTCACTTTGTCACCCAGGCTGAAGTACAATGACAAGATCATAGCTCACTGCAGCCTTGACCTCTTGGGTTCAAG,G/A/C/T
rs6793285,3,7295668,TTGTGTGTTTATTGCTGAGTTTAAGAGTTATTTATATATACTGGATACATTCTTTTATCAAACATATACTTTTAACCAAGTGTCTGGCTTGTGCTTTCGTTTTCTCAATGCTGTCTTTCACAGAACAAAAGGTTTGAATTTTCATAAAATCCAATTTATCACGTTTTTCTTTATAGATTGTACTTTGGATATTATATTCAAAAACTCATTGCCAAACCCAAGGTCATATTGATTTTCCCTTTGTTTTATTCTAAAAGTTTTCTAGCTTTATATTTTACACTTGGGTGTATTATCCATTTAGAGTTAATTTCTATATAAGGCAAGATTTATTATTTCTGCATAAGAAAATCCAATTATTTTGGCATCATTTGTTGAAAAGACTATTCTTTTTCCTTTGAGTTCCTTTGCATGTTAGCCAACAATCAGTTGACTGTATTTGTGTTGGTATACTTCTGAGCCTCTATTTTCTTCCCTTGATTCAACAGTCTATACTTTTTACCAGCATTACACTGCTTAATTCCTGTAGCTTGAAAGTAAGTCTTAAACTTAAGTGGTGTGAATATCTAATTTTCTTACTTTTCAGAATTGTTTTGACTATTTCCTTTACCTTTCCATATAAATGTTAAGTTAGATGTTGAGGTCTACAAAAATAAAATAAAATAAAATGTTTACTGAGAGTTTGCTCTAGATAGCATTGAATCTATAGATAGATTTGGGAAGAATTTACTTACACGTTTAAAAATGTATTTTAGCCATGTTTTATAGTTTTCAGCACACAGACCTTGTACATATTTTGTTGC%C/G/T%TAAGCAGGACTGGTTTTTCGGTGATACTATTAAATGGCGTTGTGTTTCAATGTAAAATTCAGTAGTTCCTTCCTATGATCGACTATTGTTTATTGAGTTCATATCCTGCAACCTTGTTTAAGGCACTTATTCTAGGAGATTTTTTGATAGCTTTTTTTTGGGGGGGGGATTTCTCTGTCATATGTAAATAGAACTGATTTTACTTTTTCCTTTGAAACATGTATATAGTTTGTTTCTTTTCCCCTCCTCATTTTGGCAAGGGTTTATAGTACAGTATTGAACAGGATAGGGCAACCTTGCCTTGTGGTCTCTTACTATTAAATGTGATGCTAGCTGTAGGCTTTTTATAGATGCCTATTATTAGGCTAAGGAAATTCTCTTCTAATTCTAGTTTACAGAGTTTAGTATTGTTATCATAAATATATATATATAGAGAGAGAGAATTTTGTTAAGTACTTTCTCTGCATGTATTAAGGTGCTCATGGTTTTTCTTTTTTAGTCTGACAATATGTAAATAATAATGATTGATTTTTCAAATAATAAATTAGCCTTTTGTTCTTTGAATAAAACCCACTCAATCCTAATGTATTATCTTTTTAAAAATTGTTGCTGGATTTGTTTTGTTAACATATTTTTAAGAATATTTGCAAATATGTTCCAAGTAATATTGTCTATATTTTATTTTTGTTTGGTAATATCTTTTCCTGGTTTAGGTATTAGGTAATACCTCATAAAATGAGTTATGTTCTCTCTTCTCCCATTTTCTGGAAGAGATTGTGTAGATCATGTTTTATGTATTC,C/G/T
rs7115956,11,110085620,AGAACAAGCCCTCGGGATACCAGGTGACTGAGTTATTAAATTTATTTGAGATATGGGCCATGTCCTTTATTTTTATGATTCTGAGTCCAGTGCCAGCACTCAACAAACAGTTGGTTGATTGAATAAAATAAAAAAAATAGTAGAATATAGGCATAGCATGAAGACAATGAAAGAAGAGGTGGTTGGTTATCTCTGGGTGATGGCATTAGAGATCATTTACATTTTTGAAACTTTACGTTCCTTAAAAAATTTCTATAATGAGCATGTTTTTCTGCTACAATTTAAAATAATATATTGAAATACTAAAATGAACCAGATGTTAAAGGCAGTAAAATCCATCTCCATTAACACTTCTTCAAGGTCCATACAGATGAAGCATTTGAGCCTCAATTTAACTGTTGGTTGGCTATATATATAAAAAAGTCTTAAAAAAAGCCAGCTCCCGTTTCTGTACATAGAGAACTGACCATTAAGATAATACAAGTAATTATATAGACACTATCCTACCAACACTCTAAAATGCTCTTGCAAACATATGTTTTAGCAAAGTAAGCCACAAAAAGCAGTGGTAGTACATTTCATCAGAACAGTGTCTTCTCGTAAACAAGTTGTCCTTGCCAAAGCTTACTGAACATTTAACTGCCTCTTGTAGTTATCCAAAATAAAATGACAAGTTTCTGTATTTCTCTAGCAAAATCTCCATTAGAAAGTAGGGACTGCCAAAGACAGACAATGCTCACTTTTAAAAACAGATGCTTGTAAGAATGAATCAGAAGGCCTAGCCCTTCTCAATGTATCTT%C/T%AGAGGTCTGTGTATAAGACTCAAACACTAGAGGAAGTCACATGACCAGTGAAGAGCTGGAGAAACATTTCAGGGGACTACTGATACTGTTTCAAATAAGGTAAGCCTTTTAACTAAAATGAAGGACCATGAGACACAGGAATAGGTGAATGGCTCTAATGTATCCCAAAGTATAGCCAGACTTACCTCTGTCTGTAAGTTTAAACCTGTGTGCTCTAGAGTGACCACAGAACAGAATGGGCAGAAGACAAATCACTCCTCTAAGGTCAGAGCTCACCTCCACCAAATCCCTGAATGTGATCTGTGACCCACCGAAACCATTAAAAACTGTTGGATGGCTCTAGCCTATTTATCTCTCTGGCCTTAATCGCTGCCCACCAAGACCAATGGCATTTGCTTGTAGGACTCATAGAGATGTGCTTAACATTTCCTTTCTGGCTAGATTCCCTATTTCTGACTCCTTCTGGATATTCTTGGGCTGAAAATCTCCTAGAATTCGGTGTTCAATCAAAATTGCTGTAAGTATACATTTTCCGTTGACTTCCACCCTAAGTTGAAAGTGAGTACCTGGGACTAGATTGCTTGTTTCCCCTCTATGCCTCTGTCCTTAGTCACTAAGCTCACTTACCTGCCCCCATCCTAGACTCTGAAGACGATATAGACCCTAAGTCAAGTGACCTAATCTATCCCAATTACTCAAGTCTCCGGTGGTTCAGTGACTTAGCAGCAAGCCTGCCCTGCTGATAATCCTGCTGTTCCTGTAAACTGCAGCCCTAATTATGGACTCTCTCTCCTATTTTA,C/T
rs7195296,16,11655918,TACCTTCCTGGCCAAAATGGTGAAACCCCATCTCTACCTAAAATACAAAAATTAGCTGGGCGTGGTGGTGCATGCCTGTAGTACCAGCTACTCGGGAGGCTCAGGCAGGAGAATCGCTTGAGCCTGGGAGGCGGAGGTTGCAGTGAGCTGAGATGGTGCCACTATACTTCAGCCTGGTGACAGAGCAAGACTCTGTCTCAAAAAAAAAAAAAAAAAGATTGAGAATGGCTCTGGGGTATCCGGCTCAGCGACCAAGGAGCTGACAGTGCCATTTACCGAAGGGGGCAGGTAGGAAAGGGGCAAGTGAATCCACAGCCCCAATCTTCACAGAGGTGTTGTGAGGCTCGAATGAGATCTCACAGGCCTTTGGGGTCAGATGCAGCTGGGTTCAAATCCTGCCTCCTGCCTTCCGAGCCAGGTAGTCCTGAGTCAGTGACTCTGAGTCTGGGTCTCCCAGTCTGTGAAATGGACCGTGAATCCTGCCTCCGACGGGTGGGCTGTGAGGGGCAGAGGGGCCCAGGCTTCCGGTGCCCCCAGCACAAGACCTGGCGCGTGGTAGGTGGTCCATGCCTGGAGCAGAGTAGGAGGTCCGTGGCCTTAAGGGAGGTGAGTATTCGTATCCCCCACTGGCCACAGATCCTGCTCACACTCCCCTGGGGGAAATTCCAGCTCAAAGAGTACCTGTCTTGGGGCTGGGAGAGGCAGAGACCATGGAAAGACCCCGAGAGACCGGGAACTGCCTGTGAGGGGTTTTCCAGGCTGCAGAGAGAAGAGTCTGACAGGCGAGGGGAGGTGAACAC%A/C/G%CCACCCCTGCTTGAAACCCTCCATGCCTCCCCAGGGTCACACTCCCCAATGTCACTCACCTTCCAGGCCTGGCCCACACCCTCCAACCCCATCTTCTCACCCTCCCAGCCACCCTAGCCCTCTATGTTCCACCTCAAGCCTTTGCACTGGCTCCTCCCTCCTCCAGGAATGTTCTTTCCCTATTTTTTTCTTTTCTTTATTTATTTATTTTGAGACGGAGTCTTGCTCTGTCACCCAGGCTGAAGTACAGTGCCGCAATCTCGGCTCACGACAACCTCTACCTCCCAGGTTCAAGCAATTCTCTTGCCTCAGCCGCCCGAGTAGCTGGGATTACAGATACAAGCCACCACGCCCAGCTAATTTTTGTATTTTTAGTAGAGATGTGGTTTCACTATGTTGGCCAGGATGGTCTCTAACTCCTGACCTCAAGTGATCCACCCGCCTCAGCCTCCCAAAGTGCTGGGAATACAAGCGTGGGCCACTACACCTGGCCTTTTTTTTTTTCTTTTAATGAGATGGGATTTCACTCTGTTACCCAGGATGGAGTGCAGTGGTGCAGTTATAGCTCACTGTAGCCTTGACTTCCTGGGCTCAAGAGATCCTCCCACCTCAGCCTCCCAAGGACTGGTAGTGCTGGGATTGTGTGCTGGGACTACAGGCACACACTATCATGCTTGGCTAGTTTTTTCTTTCTTTCTTTTTTTTTGGAGGGATAGGGTGTGGGGGTGGTCTCCCTATATTGCCCAGGCTAGTCTCAAACTCTTGGCCTCAAGCAATACTCCTGCCTCAGTCTCCTAAAG,A/C/G
rs72796367,16,50728860,CTTCAAAATGACGATTTTCTTGGTTTTCACTCAGCTCATGAGGCACACACTTATCGAGGTTTTTCACCTTTCCAATTTGCTTCAAATGCTGAATGACCATGGAATGGTCGATGTTGAGTTCTCAAGTAGTTGTAAGAAAATCAGCTTTGATGATTGCTCTCAATTGGTCATTGTCAGCTTCTGATGGCCTGCCAGTACACTCCTCATCTTCAAGGCTCTTATCTCCTTCGCAAAACTTCTTGAACCACCACTGCACTATACGTTAGTTAGCAGTTCCTGGGCCAAATGCATTGCTGATGTTGTGAGTTGTCTCCGCTGCTTTACAACCCATTTTGAATTCAAATAAGAAAATTGCTTGAATTTGCTTTTTGTCTAACATCATTTTCATAGTCTAAAATAAATATAAAATAAACAGAAAGTATTAAGTCATTAGCAAAAAATCATAAAGTGAGAATTGTGCATTAAAATGATGTATAGCATAACCACATTTATTTAAGAATGTATTCCAATATCAAATGGCAAATTTCAACAATGCAAAAACTGCAATTACTTTTGCACCAATCTAATAGAAGTTCAATAAATACTGGCAATTACAATTGGCATTGCCTTAGGGTCAACTTGTAAGACATTCCTGAAATTGTGGGAAAGGGGGAGGACCTGGAGTGGACATTATTGGAAGGCAAAGCTGTAACCAAAAGAGCAACCTGGGAAACACATGACTCCTCTGTTGCTGTCCCTGGCCCTATCCTGTCTCCCCTCCCTGTTGTCAGCTACCTCATATGTTCTCTAATCTCTGTCTC%T/C%GTGCCCTCAAAGACCCCCCTGAAAATAGAAATATTACTGCTCATTGGTTATTTTCTATCAATTAAGTACTGTATTAGTCCGTTTTCATGCTGATGATAAAGATATACCCAAGACTGGGCACTTTATGAAAGAAAGAGTTTTATTGAACTTACAGTTCCACGTGGCTGGGGAGGTCTCACAATCATGGCTGAAGGTGAAAGGCACATCTCACATGGCAGCAGACAGGAGAAGAGGGCTTGTTCAGGGAAACTCCCCTTTTTAAAACCATCAGATATCATGAAACTTATTTACTGTAATGAGAACAGGATGGGATTCAATTACCTTCCACTGGGTCGCTCCCACAACACGTGGGAATTCAAGAGATTTGGGTGGGGACACAGCCAAACCATATCAAGTACTGTGCAAGTGTTTTAGGCATGCAGAGAGTGGTGGGTCTTCCCAGCAAGCAGAGTGTGGGGAGGTAATGGGGGACTGGTGGCTGACTTAATGGCCCAGGACCCATGCCACAAGGAGATGGATGGTGGATGTGAATAGGAGCCTGCTTACACCCATCACAATTTAGATTCTTATGCTCGATGGCACGGGTACTCTTTTAGGCCCATTTTACCAATGAGGAGATTGGGACTAATTTGCTCGAGATCAAAAAAGAAGTGGTGTAGGTGGGATTTAAACCCAGGATGTCTAGCACTAAAATGCAGGTACTTAACCACTATCCTAAGGGAGTGGCTACTTAATTTGATAAACTCATCTAGTGAATGGAAGAGAGACGGTTACATTTCACTGATGGTACTGAGCCTTTG,T/C
rs72871627,2,162280432,TGGAATGTCAGAAAATCAATCCTGGAATTCACGAAGAAAATTAAAAAGGCTAAAACGAACTGTCATAACCCCTCCAGCTTAGTTACACATCCCTCTGCCCATGGCCCCTCACTGTCCCTTTTAACTCATATGTACAAACAATGAATAAGCTATTCCTCATGTAAATTAGAAAACTAAAAGAGGTCTAGAGGCGAGAATTCACTGTAGTGCTTTACTGCCTAACATCAATTAAAAAAAAACCTGAAACTTGTTTGCTAAAATTTTTAAATAATATTTTTCAGATGGTCAGTATAAAATAGCCTTTGCCATCTTTCTACTGAATGTAGTATTGTCAATCAATAGATATAAAACATTAAGCCCATACTTCTCTGGTTGCATCTGCAATGGCAAACTTCTTGCATGGCTCCTGTATTTGGTTTTTCAGTTGATCAAGGTTTTCTTTAACAGTTTTAATAGTAAATGCATCAAGATTGGCACATAGCTGGAAAAGAGACATTTTTCAATATTTATGCAATTATTTTTCCCTTTCACTTTATTCAACGTAGAACTCTTTTTCATGTAAAAAATATGTAGCATTAAATTGTAGCATAAATATGTGGTATAAAATTTCATGAAAGTAATATGTAGCATTGCTTGCTAAATATAGCATTTTAACATTGTTTTATTATGGATCTCATTAACCCACAATCAGCAACATTTGTCCTAATATAGGAAAAAGGAGCTTCTAAATCAAGTTGGTGTAATAACAGAGAAAAAGGTGTATTGATATTCATTCCTTAAATTCCATTTTCCAAGTGGAA%A/G%ACTGACATGGAAAGAGTATAACAATTTACCATCATTGACAGAGAATGATTTTGAGATAACCATGTTACATGAGGCATATCAAAGGTCAACTTGACATCCGTGGATCATACTACCACCTTCTTCTACACATAAAGCAGGCATCTACACATAAAGCTGGGAGCATCCTTAGTCATGTTCCTTGATTATTAGATTGGAATTAGTCCTTAATCCCAGTAATAAATTATATTTTGGAGCCTATAATTGCATCTCTGAATGTTGTGTCTACTCTACATAATTTGTATTGAATTCAACTTAAAGTAAGGGACTTAAAATTCAAATGCAATTGCCTTGGTACCAAAATACTTCTTGGGCTACTCTGATTTACTTAACACTCAAGATTAACAGTAGCACTGTATGTGGTGTTACCATTAGGGGGCAGCTGACAAGCTCATCTTTAAAGATCTTCATATCCCTATTTCCCTTTAATTTGAATTACCTAGATTCCTAGAATAACATATGAAGGACAGAAAATACGCAGTTTTGAAACTCATGGAGTAAGACTTTATTATGTGTGACAACTAGAAACTTTCATAGTTTATGCATATTTCTATATCAGGTAGATCATTAAATTTAACCATAAGAGTAGATGTTCAAAAGAAGGCATTCTATTTATCTCAACTTCCCATTAATTATATCACTCTCCATCATTTTTATGATATGATTTTGTGTTATTGATATTTATTAAGGCATATTAGTATTCTGTAGAAGACTGAGTATATTTATTGTACTAAAGCAAACAGATTTCACTTAACTGATGATCA,A/G
rs72977586,19,1186317,CAAAAAAAAAAAAAAAAACAAACAAGAATCGTTTGGTTGCAGCTGACAGAAATTGAAACTACAACTGGCTCCTTTTTAAAAAACAGGAATTTTTTGCTCATGGAACTGAAAGATTTAGGGATAGAGCTAACTCAAGGCCACCCCTCTCAGCACCGTTGATGTTCTGGAAAGGACCATTCACTAGGGTGGGGGCCGTCCTGGGCACACAGGGTGCTCAGCAATGACCCTGGCCTCCACCCAGTCAACGTCTGTAGCGTCCCCACCCGGTCATGGTGACCAAAAACATCTCCAGACATTGCTGAGTGTCCCCTGGGGGTGTAATCACCCTTGGTTGAGCCCTACTGGTCTGGCGGGTTTCAGACACAGCTGGATCCAGGACCCTCGGTCAGTGTCACAAGGATGTGTCCAATTCTCCATCTCTTAGCATTGCCATCCCCTCTCTTGGCTTTTTTCTTTTCTTTTCCTTTCTTTTTTTTTTTTTTTTTTTTTTTTTGAGACAGGGTCTCGCTCTGTCACCTCTGCTGGAGCCCAATAATGTGACCTGAGCTCACTGCAACCTCTGCCTCCCGGGTTCAAGTGATTCTCCTGCCTCAGCCTCCCGAGTAGCTGGGACTACGGGCGTGCGACACCATGTCTGGCTAATTTACGTATTTTTAGTAGAGATGGGCTTTTGCCATGTTGGCCAGTCTGGTCTTGAACTCCTGACCTCAGGTGATCCACCCGCCATGACCTCCCAAAGTGCTGGGATTACAGGCGTGAGCCACCGTGCCCGGTCTCTCTTATTTTTTTTTTCTTCAACA%G/C%ACTTTGCCTTTATGGGGAAAAGATGATGCCATAAGCCCCAAATCTCATCTGCCCATCATCTTAACAGCCCTGGCAGGAGTCAACACCTCTTCCCAAGGTGGGGGCACCAAAGTGCCAGGGAGGTTCTCATTCGCCCAGCCTGGGTCACATGTCCTGGTGGGCTGTGGCCTGGTAAGGGGATGCCCAGATTGGCCAGGCAGGGATCACATGGTTGTATGGAGTGAGCCAATTGGGTGAAAACTCGTGGTCGGGATGGGCACGGCGGCTCACGCCTGTCATCCCAGCACTTTGGGAGGCCGAGGCGGGCAGATCATGAGGTCAAGAGTTCGAGACCATCCTGGGCAACATGGTGAAACTTTGTCTCTACTAAAAATACAAAAATTAGCTGGGAGTGGTGTTGCATGCCTGTAATTCCAGCTACTCGGGAGGCTGAGGCAGGAGAATCGCTTGAACCCGGGAGGCGGAGCTTGCAGCGAGCCGAGATCGTGCCACTGCACTCCCAGCCTGGGCAACAGAGTAAGACTCTGTCTCAAAAAAAAAAAAAAGTACAAAACATGAGCCGGGCATGGTGACGCACACCTGTGGTCCCAGCAACTCAAGAGGCTGAGGAGGGAGAATCTCTTGAACCAAGGAGGTGGAGGTTGCAGTGAGCTGAGATTACATCACTGCCCTCCGGCCTGGGTGACGGGGTAAGACTCTGTCTCAAAAAAAAAAAAAAAGGGCCGAGTGCGGTGGCTCACGCCTGTAATCCCAGCACTTTGGGAGGCTGAGGCGGGTGGATCACGAAGTCAGGAGTTCAA,G/C
rs7298011,12,25890592,CTGCACATTGTGCACATGTACCCTAAAACTTAAAGTATAATAATAATAAATAAATAAAGTTTATTTTTCCAAGGTTAAGGAAGTGCCTGGGAGACAGGTCTGTGCCTTTCTTCAAAGATGATTTTGAGGGCTTCAGTATTTAAAGAGGAGAAGCAGGCTGGAGGGAAAAGAGGGAGGGTATGGTCACATCACTGAATCCACATGTTGCAAGAGAAAAGGAGCAGGTAGGGAAATAGTCAACTATGTACTCGCTCAGTAAATTGACACTTTGCATAAGAGAAAGTGAACATAGAGTAGCTAGCTACCTGTGCAGGTATTTAACCTTTTATCTGTAGCTTTCTGCTTAGGAACAAAAGAAAAGGCAGCTTCTTGCATAACTCAACTTTCAGCTTGATTCTTTTCCTCTTGGCAAGTGAATTTTGGTCACCAGTTTTTATTTTCCTTTCATACATTTAAGAAAGATTAATAAAAAGAAAATTATTTATATGTTCTTGTTGTGACATAAAAAATAAAAACAACAACAACAAAATAATTATTTATCCAATTTATTGTGTATCTGTGAGCAATTGCAATAACGGTGGTGGAATAAATCAACGAATGAAAGTTTGCGGAGCAAAAATTCTAAGGAGTCCTTCCACCATGCAGTTCAAAAACAAATAATCAATATGGCGGGTAACTAAGTGCTTTCACCCCATGTCATGTATTATCATGCATTTGTATGATTATTGGATACTTCACAAATTTTCATTTTACAATAATTTGTATTCATTCATTCATTCCTTTTCCAACCTGCTTATTTC%A/C/G/T%GTTCAGCATCTCAGATGGCCAGAGCCTATCCTGGCAGCTCAGGGCACAAGTCAGGAAACAATCCTGGATAGGACACCATTCTGTCATAAGGCACACTCACACAGACCCACACTCACTGACACTGGGGCAATCTAGACATGGAATTCACCTCATATGCACGTCTTTGGCATGTGGGAGGAAACCTGAGTAACTGGAGAAAAGCCATGTACACATGCAAACTCAGGAACATGCAAACTCCACACAGTGTCTCCAACTGGGAAGGAAGCAATTTTTCTCTCATCAACATTATAATGAAAGCACATCACGGAAGGACACAATACACATTCACACATTCTCCCAGATATACACCAAACTCTTAATGGTGACTATTTCTGAGGAGTCACATTGTGGAGAATGGGATAATGGAGGACTTTCACTTTTTAATTTGTATAATTCTGTATTACTTATTTTTTATGTGCATGTATTGCTTTTATTCATTCATTCATTTATTCATTTGAGGCAGGGTCTCACTCTGTCACTGTTAGATATGAGTTCTAAATTTCTCTTCAAAGAATCAATATGTCAGTTATGTTCAATTCTTTGCCTTCTACTTTTAAACTTAACTTCCTCATAAAGCAACCTTTTTCGATTACCTGACTCATTCTGATTACCTGCTCCACCCTGACTCATTCCAATTACCTGTTCTGCCCCGACTCATTCTCCAACCTGACTCAGTCTGATTTCCTGCTCTGCCTTAACCATTTTTCCCGCCAAACCACTCACCCCGTCACTCTCTTTAAATTAGCCAATCGGAATTAGTT,A/C/G/T
rs76913543,10,6000052,GGTAGAGTGGGCAGACGGTCCTTGCAGGACCTGGGGGGAGACGCATATTTGAGAGTCCCGACCCGTCATTTCCCCTTCCAAACCCCTGATCTGCCTGGGGCTCTTGACTGAACCGTATCCACTCTGTGTCTTTCCCCTTGTCTACTTCAGTAATTTCTCAGGTGAATTATTAATTCAGTCAGAGTTTGGTTCAAAACCCTCCTTAGGATTTCATTCCCCTCTTCCTTGGAGAGCTACTGTTAGGGGTCCGCACCCAGGGAGCCCTGTGGGGAGGGGGCCCGGCTTGGTTACGATGGGCCACACACGGGAGGCGGGCTGGGGTCCCTCCATTTCTGTCCCTGGTGTCTGCAGGTGCTGAGGATTCCCAGTGGGTGGCACCTGTAGATCCCGGGTGCCCGTTCAGTTCCTGGCAGGGACACCTGCCTGCAGCTCTGGCCCCAGCTGCCTGCGGGTCTGCAGGGGATCGGTGGGGAGCCAGGCCCCTCCCTTGTTAATACCTGGGAGGTGTGCCTGCTCAGGCTCTCAGTTCGCCATCCCTCACCAGTTGGAAGTGCGGGGACATTTGGATCTCGTTCAGGCCACGTTTGCCCGAGGGATCCTCAGAGGGCTGTCTGAAGCTTTCTCCAGCTTTTCCTCCTTCCCGTGGGCAGGACTTGTACTCCTGGCTGCTGCTTCCAAAACGCAGCCGGACTGCCCTAGGCTTTTGGGTATCACAACTGAATGGATTCTGCCTATTAGAACCTACCCTTCCTCCACAAATTGCCAAGCAGCAAGAAGCACAGAGTTGGGGCACAGACTTC%G/A/C%CCATCTCTGTTTTCCTTTCCTCTTCCTTCACAGTGACAGCAGAGAGCGGCCTGGGTGGGAAGGAAACCAGTTCTCCTGCCTGTCTCCCGTTTCCCCACCTTTTGGGCTTTGCACCTGGTGGAGTGTTCCTGGCCCCCAACAGAGGAGCACCTGGTGACTTTGTTCTCACAAGTCCGCCTGGAAGCGTTGCATGGGAACAGAGCACACGGTGTGGAGCCTTAATGTGGGAACTCTGCCACACTGTAACACTTTACACGCCATTTTGTCCCAACGGCAATGGAGCCTCCTGTGTCTAGGGTTTCCTTAAGGCGTGCCGTTAAATATTCGTAAAATGAACACATGAAGAGCCTAGAGTCCAGAGGTCCTAGCAGATGGTGTTACATCCTCATCGTGAGGCACGTGGACGGGGGTTTCCGACCACCTGCGTTCACCCCTAGAATTGGGATTGATCTGGGCACCTCTGGGAAACATATGGGACAGGACCCGTGACTCTAGTTGCATTTTTGGAGGAGTGAGGCTGGGGGAGAAGAATAGGGAGGAACGCAGAGGACATCCTGGTACCTGTCTCAGAGATTCTTCCATGGGTCTGTGTCAAAACCTTGTGGAAAGCAAAGCTGGTGGCAGAAGCCGGGGATGCAGGATTCACAAAGGATTCTGTGAGACACTAGGACACAGTAACTTGTCTTAGTGCCCAGGTGATAAAATACGACATATAATGGGAAGGAGGAGTGTGTTCCCCTCCCATAGGCGGAGCCCAGGAAGGCTGCCTTGCAGGATGCTGTGGACTCCTAAAAATATCT,G/A/C
rs77981966,2,43550825,TTCATTTTTATTCCCTAAGCACTCACTGGATTAGGAAATGTAAGCTCCATGAATGCAACACTTTGTTCATTACTGAGTGACGAGTGCCTATAACAGAAACTGGCTCACAGCAGAGGTTCAGGAACATGAGTTGAAGGAATGAATGGATGTAGGTAGTAAGGAGTTAGCCAGGCTCAGATTTTCAAAACTAGCCATTGGTAATCATCTGAAATCAATTAACAAATCGAAGAACCGGTATTTATTGTACATCTATTATTTTGACTTATATTTAGGTACTATGGGAAATACAAACACGCAAATTACTATCATGATGATTCAATCAACATCTTATGTTCCTTCCTGGAATTTTGTCAAAAATAAATTTCAACAGCCATGAAAAACTAACAATGACCCCAAAAGAAACCACGCAAAGACCAAGAAAAGATCAGAGAATAAATTTTTAAGAATCCTATCCATTCAATTTTACAGCTTTCAGGGGAGACTTTCCTCATGCAATTCAGAATGTATGGCAGATAACACAGGGAAGAAGCAGCAAAAATGAAGACAACCAGAGGTAAAAAGACAGGCAGAATGAAGGAAAAGTCTGTGGGGCAAAGACAGTTTTTGAGACCAACTGATACCTTAAAACTCTTCACTAATAAAGATAATGTTAGCATCCTCTGTAGGATCTACCCACAGTAGGTAACAGAAATATTCAAGATTTCTCATCCAGAATATATGGGTACTTTGCTGACCCAAATATTAGCTATAAGATTGCATGTTCCTTATTCTTATGCACTGCTCAAGTAGAAAATCTAAAG%C/G/T%GACAAAATTTAGTATTTAAGGCCAGCACAGTGGCTAAGGCCTGTAATCCCAATGCTTTAAGAGGCCAAGGCAGAAGGATTGCTTGACAAGAGCAGCCTGCACAACACAGGAAGATCCCATCTCTACCAAAAAAAAATTAATTAAATAAAATAATTTGGTATTTAGACTAACAACAGGCTAAATAAATGTGTCTTACTATCGTGAACCATCACCAATCTTCTAACTCATTTTTAGGAAAGAACAAAACCTAATATTCTCTGTGCAAAACACATAACTCCACATTACCTTAATTATCAGCCCAAGGTATTTCAGCATATGGTTCAGTGAGTGTTTATGATACAGTCAGTTTTTCTAATACAAGCCTCTCTTTGCACTCTAAAATACATTTACAAACTTTATTTCAACACCAAACATAAATATATTTCATGATTTTTCTGTGTATTAAAAGGAACACTCAATTTTAGCACAGGTTAAGCATCCCTTATCTGAAATGCCTGGGACCAAAAACGTTCTCAATTTATTTTTTTGAATATTGGAATATCTGCATTGTACTTAATGGCTGAGGAGCCCTAATCTGAAAATCCAAAATACAGATGCTCCAATAAGCATTTCTTTTGAGCATCCCATTGGTGTTCAAAAAGTTTCAAAATCTGGAGCATTTTGTATTTCCAATTTTCAGATTTGGGATGTTCAACTTATACAGTATTATATAACTCAAGTTACCCTGGGGTAGAAGGTACCGTGCTCATCCTCTGGTTTGGGAATTTTTTTTTTTTTTTTTTTGCTACTTTTTAATAGTT,C/G/T
rs7874251,9,75888242,GCTAATGAGATCGTTAAAGTAGATCCCAAAGGAGGAAGCAGAATATGTCTATTCATCAATGGAAGTGGGACTTCTTTGATATCATTTAGGTTTAAGAATCACACTTTTTGAGAATGGACTTATAATGGAACTGTGATATAACTGCAAAAGCTATGGATAGTAAGAGGAATGAGTCTACATCCATACATTTGATTTAACAGATGAATGAGGGTTCAACTCATTTTTTAAAAAAAAAACAGGGCTAGGTTTTTCCCTTTAAAATATATATGCATTGAAATGAAAGAATATGCCCTTTGAGTAAGTTTAAATGCTGGCCCAGGGATTAGTTTACAAAGCAGAAAAGTGGTTTGCCCACTTCCTACCTCATTTTCCAATTTTCTCTCATGTTCAATGCAGTGAATGTTACATTTGTGTGTGCCAACCAGGGCATGCTCACAGAAGGAAAGAGTGCTAGTGGAAAGAAAAAGAGAAAGACACCATGGAGAAAAAAATATTAATGATCAATTTTTCCACCCCAAGAAAAAAATCTCCAGGCTCCAGAAAACCGGGTGCAGTGATTCCTCTCCATTTCATTCAGAATTTGAAGCCCAGAGACAACAAGGCTTTGAAAGAGAAGCATTTTGTGCTGCCTTTGTAGTCCTAAACAATTAACAGCTCCAGAGTCCCAGAGAGAAACCCGTACGGCATCCTTCAAACTTGTTACAAAGTACCTTATGTAGTGGCAACCCTTCTGTGGATCACGGTGAGACAGGTCCTTCCTCCTACCTGAAATGCCCACAATTCTGAATTAAAAAAAAAAA%A/G%AGAGAGATTGACTGTCCCTTATATGTGTATTGAGATGTGGACCTTGACTGAAGTCTTATCCCATCTGAAATTTACCATCTTCAAGAGGGGTAATCCAATGTCCCTATGCATAGATGCAGATTGTCAGAGTTAACAGTGTTGTAATAGATTGTGAGCTTTCGGACTCCATGGCTAGGGAAGCAGGAAGAGATGTGTCTACAGGGACTGGCTAGCAGGGAGACTGTACCAAAACTCTAAAGCACAAGCATAGTGCTTATGTTTTCCTCTTAAAAATAATAATAATAGGGCCGGGAGCGGTGGCTCACGCCTGTAATCCTAGAACTTTGGGAGGCCGAGGCGGGCGGATCACAAGGTCAGGAGATCGAGACCATCCTGGCTAACACAGTGAAACCCCGTCTCTACTGAAAATACAAAAAAATTAGCCAGGCCTGGTGGCGGGCGCCTGTAGTCCCAGCTGCTCGGGAGGCTGAGGCAGGAGAATGGCGTGAACCCGGGAGGCGGAGCTTGCGGTGAGCCGAGATCGCGCCACTGCACTCCAGCCTGGGCAACAGAGCGACACTCCGTCTCAAAAAAATAAATAAATAAATAATAATAATAATAATAATAATAATAGGACGGGCATGGTGGATCATGCCTGTAATCCCAGCACTTTGCGAGGCCAAGGCAGGCAGAGCATTTGAGATCAGGAGTTCGAGACCAGCCAACCCTGTCTCTACTAAAAATACAAAAATTAGCCAGCCTGTAATCCCAGCTACTCGGGGAGGCTGAGGCAGGAGAATCGCTTGAATCCGGGAGGCGAA,A/G
rs78973538,1,155224224,TCTGTGTTCAAGTCAAATAAAGACATTTGTTCATTCCATGCACAGCACAGAGTAGGTGCTCAAAAAAGTACTTTTTATACAGATGAATGAACAACTACTACCAGTTAACCTAGAACCTGTCCTTTCAGCTCTAGTTTTTAATTGTAATTTTATTTTATTTTAGAGACAGGGTCTTGGCACAATCACAATTCACTGCAGCTTTGACCTCTCAGGCTCAATTGGATCCTCCCACCTCAGCCTCCATAGTAGCTGGGACTACAGGTACATGCCACCATGCCCAACTAATTTTTGAAATTTATTTTTAGAGATGGGGTCTTCCTATGTTGCCCAGGCTGGTCTCGAATTCCTGAGGTCAAGCAATCCACCTGCCTCAGCCTCCCAAGGTGCTGGGATTATAGGCGTGAGCCATCACTCACCTCTAGTTTCTGGCCTGAGGGTATATTACTCTCCCTGATTACTGACACCAAAAATGATTTCACTCTTGGGTGGGACCTCTGCTGCCCCTTACCCACTAGGGTGTGGGTTTTTTTGGTTTGTTTTTGTCTTTTTTAAGACAGGGCCTCACACTGTCATCCAGGCTGGAATGCAATGGTGTGATCCTGGCTCACTGCAGCCTCGACCACCTGGGCTCAAGGGATCCTCCCACCTTAGCCTCCTGAGTAGCTGGGACCAGAAGTGCACACCACCACACCAAGCTAATTTTTTAACTTTTTATAGAAACAGGTTGCCTAGACTGGTATCGAACTCCTGAGCTCAAGCAATCCTCTTGCCTTGGTTTCCCAAAGTGCTGGAATTACAGG%C/A/G/T%GTGAGCCACTGAGTCTGACCTTAGGGTGTGGTTTTACCATTGGATTCATGTGATTTACCAATGCTTCAACAGTAACCACAACATTCAATGTACAGCCCAGTGCAGATGGAAGGTCCTTGTACCTCATATGATCTCTTCCAATTTTTCGCAAGATAATAGTCAGTCTTTCATGAGTGCTTATTACATGCACTAGCCTGACAACTCTACATTACAGATAAGAAAATTAAGACTTAGAGGCCAGACGCGATGGCTCACACCTGTAATCCCAACACTTTGGGAGGCCGAAGCGGGCGGATCACAAGGTTAGGAGATCGAGACCATCCTGGCTAACACGGTGAAACCCCGTCTCTACTAAAAATACAAAAATTTAGCCAGGCGTGGCGGTGTGCGACTGTAGTCCCCGCTACTCGGGTGGCTGAGGCAGGAGGATGGCGTGAACCCGGGAGGCGGAGCTTGCAGTGAGCCAAGATCGTGCCACTGCACTCCAGCCTGGGTGACAGAGCGAGACTCCATCTCAAAAAAAAAAAAAAAGAAAAGAAAACTAAGACTTAGAGAAGTTAAATATGTGGCAGAGTGAAGCCTAAGCTCATATCTGTCCTAATCTAAATTCCAAGCAGTTCTGAGTCATCAGGTCACACAGACTGCTTCTCACATGCTTCAGGAATGCCTTTTCAGTCTTCCTTAAAGGTTGCAAACAGTTGCAAAGCAAATTTCATGGTTCCTGTTTCTTCAAAATCTCAAAGCTCTTCATTCAGCCAGGCATGGTCGCTGGAGCGTGTATATTCAACCACTTGAGAAGA,C/A/G/T
rs79493594,20,44561731,TTAGCAAAAGCCATATACAACAAAAGTATCAAAGCCATGAGATACTGGAATTTCAGATGCAGAATGTAAAACACTGTATTTACTATGCAAAAAGAAATAGAAGCCAAGATAAAAACGTCACAATGGGCCGGGTGTGATGGCTCACGCCTGTAATCCCAGCCCTTTGGGAGGCCTAGGCAGGTGGATCACCAGGTCAGGAATTCAAGACCAGCCTGACCAACATAGTGAAACCCCATCTCTACTAAAAATACAAAAAATTAGCTGGATGTGGTGGCGGGCGCCTGTGATCTCAGCTACTTGAGAGGCTGAGGCAGGAGAATCGCTTGAACCCGGGAGGCAGAAGTTGCAGTGAGCCGAGATCGCACCAGTGTATTCCAGCCTGGGTGACAGTGCGAGACTCCGTCTCAAAAAAAAAAAGTCAGTAAGTAGACACTGTCAAAAGTGACAGCAGATTTGAAAAAATCCAAATAGACATTCTAGAACCAAAACATATAATAATCAAAAACAAGAATGCAGTGGATGTATTTAAAGTAGATTACCTAGCAAGAGAGAACTAGTGAACTAGAAGATAGAAGAAAATTCTCCAGAATAAACCTTCAAGAGATTTAAAAAATGTAAAATATAGAAAAGATGATTAGAGAATTAAAACGATCCAGTGACAAGTTCTAATATGCATTTAAAAAAATTTTTTTTTCAAGTTTTTTCTTGCTGCAGTGTCCAGGCTGAAGTGCAGTGGCTATTCCCAGGTGAGATCATGGCACACTGTGGCCTCAAACTTCTGGCCTCAAGTGATCCTCCCA%C/T%CTCAGGTAAATAGGTGGGACTGCGCCCAGCTTTAATATACATTTAATTAGAATTACAAAATGAGTGGAGCAAGAATGGTGCAGAAGCAATATTTGAAGAGATAATTGATGATCATTTTCTAGAACTGCAGAAAGATGAATTTGCAGATTCAAAAGTGTATAGCCTTAAAGAAAAGCTAAAAGCTAAAAACTGAGCAAGCATCCATCTTGTAAGTCAGATCACATTTTGTAAGTCAGAGAAAACACAGCAAAATAATTCTGAAGAAGATAAAGAGAAGCTAGGCATGGTGGTGCATGCCTGTAGTCCAAGCTGCTTGGAAGGCTGCAATGGGAAGATTGCTTGAGTTGGAGGCCAGCCTGGGCAGCATAGTGAGACCCCACCTACCCTGTCTCTAAAAGAAAGAAAATAAAGGGAAAGAAAGAATGAAAAGAGTAGAAGTTATGAAGTATAAAGCAAATGTATAGCAGGGAAAATCAATGAAGCCAAAGTATGATTCTTAGAAAAGATTAATAAAAATGATAATACTCTGATTAGGTTGATCAAGAAAAGGAAGACAGAAATAAAGAAAGGAGCACAAATAACCAAAATCAAGAATGAAAAAGAGGGGGCTGGGCCCAGCCTTTAATCCCAGTACTTTGGGGGACCGAGGCGGGCAAATCACTTGAGCTCCGGAGTTTGAGACCAGCCTGGGCAACATGGCCAAACGCCATCTCTACAAAAATTAGCCAGGTGTGGTGGTGTGTGCCTGTAGTCCCAGCCACTCAGGATGCTGAGGTGGGAGGATGGCTTGAGTCTTGGAG,C/T
rs9494840,6,137641937,TTGACAGAACGAACAATGGAAATGTATTGTTCATAGGTATGTACTATATCGGGTATGCATGAACACTGGCATGTTTGCCATTCTCTTTCAACCTGGGGGCTTAAATTTTCCTTTGCACCAGGCCACTGCCATCTAAGCCCTGCAGGATTTGGGGACCAGATGAGTCCTTGTATGACATCTGATAGTAAGTATTTATTTTATTAACAAACGAGGCCACAAAGAATGTGACCAGTTGAAAACAGAGTTTGGTTTCTTCATGTCTCTCCTTCACCATAGGGATTTTGTCTCTTTCATTGTAGCACTTAGCATAGAGTCCATATCCAACAAGTATTTGAAAATATTTTCTTCCTACTCTTTCATGTTATCTTCATTCAATAGTGAGGGTTTATAATTTTTCCTCCCTTCTTTCCTTCCTTCCTTCCTTTGGAGTTTATTGTGTTGACTTTTTTTTTGCTATCGTTGCGAACATTGGAATATGAGATGACACCCAGGCAGTGCCAGGGCCGAGCAGTGTGTTAAGTATGGCTTCTATTTTGTGAGCTCACACTGCCCTCTCCTGGCCTCTGGGTAGATCTTAAAACTTCACTCGGATTGCAGCACAAAACACATTCCAGCAGGCAGAGAAAGAATGATAATAAATGGGACACAAAATCCTTCCAATATTAATAATCTAATCATTTCAAATTTTAAAAACTATTTGGCTCTACTCTCTATGCTTTTGGTAATTCCAAGCACTTGAAAATATCTATAAAATTCAAAATTCTTAACATTGTCTTTCCATTTTATTTATTTATTTATTT%T/A%TTGGTGGAAAGCTTGTTATAATATCTTGAATAAAATGTGGTCCTGGGCCGGGCAAGGTGGCTCACATCTGAAATCTCAGCACTTTGGGAGGCCAAGGCAGGAGAATCACGAGGTCAGGAGTTTGAGACCAGCCTGGCCAACATGGTGAAACCCCGTCTCTACTAAAAATACAAAAAATTATCTGGGCATGGTGGTGGGCACCTGTAATCGCAGCTACTCTGGAGGCTGAGGCAGGAGAATCTCTTGAACCCAGGAGGCGGAGGTTGCGGTGAGCCGAGATTGCACCACTGCACTCCAGCCGGGCAGCAATGCGAGACTCCGTCTCAAAAAAAAAAAAAAAAAAAAAAAAGAAGGTGGTCATGATATTTGATATTTTAGTAAGATGTTTTTGTTTTTGCTTACTTTCTAGTTCTACTTAAGGCTTTTGGTGGTGGTGGTTTGTTTTGTTAGCAAGTGATGTGCAGTCATGTCCAGGCTCTGCCACTCACTAATTAGGTGATCAGGATCTAGGACAAGTCATTTCAACCCTCAGCCTTAGTTCCTTCATCCAGATGTGGCTGTAGAAATACCTACCCTATCTTCCTCACTAGAAATGATAGAAAGATCAAATGAAATATTTTATGTGAAGGCATTTGGAAAACTCTAAGATGCCATACTCATATGAACTATGATGATTATTTCTAGATTTTACAAAAAGACAACTTAACAAAAGATACTAGGTGTTATAATGCCAGGTGAAGTGCAATTGTATTAAAAAGACTTCACTTTTAAACATTAAAAAATTTTAAAGATATATGAAT,T/A
rs9947182,18,49727534,TGGTTTGGATCTTAAGACTTGGGCCTGGCAGGCAGGTCAGTGCTCTGAAATCCTAGAAGGGAAGATTTACCAACTCTCCCATGGTAACTGTCTGGAAACTGACTGGCCACAGTGAGCATGGGCTCCTATCTTCTGGGTCAGGCCTCAGCCAACTCTTTTGCTCCCCTCCATCTCTGTGGGCCACCTCTCTCTGTTTCCCATGGACACGTCTTTTCCATTTTCTGGAAGCATATTTGAGAAAAAGAATCAAGAAATTATCGCTTTTTTTTTTTTTTGAGATGGAGTCTCACTCTTTTTGCCCAGGCTGGAGTGCAGTGGCGCAATCTCAGCTCACTGCAACCTCTGCCTCCGAGGTTCAAGCAATTCTCCTGCCTCAGCCTCCCGAGTAGCTAGGATTATAAGCAAGTACTACCATGCCCGGCTATTTTTTTGTATTTTTTAGTAGAGACAGGGTTTCACCATGTTGGCCAGCAGGCTGGTCTCAAACTCCTGACTTCAAGTGATCCTCCTGCCTGGGCCTCCCAAAGTGCTGGGATTACAGGTGTGAGCCACCAAGCCCAGCCGAGAAGTTTTCTCTAGCTCTGCGTGCAATGCATTCTGGGCAATATAGATCTGTTATAAGGACTTGGTGAAAGGGGGTCGGGTAGGGAGACACAATGTCCTAAAATGTAGGAGCTGGAACAATAAGAGCTGGCATTTAAAAAAAAAAAGTTTTCATAAACACCAGCCTTGGTGCCTCATTTCATTTACTCCTTACCACAAATGACTGGAGGTAGTTTCCTGATTTTATAGGTGAAGGC%C/T%GGTTAAGTAACTTGTCCCTGTCCACTTGTGTTGTAAGTGGCAGCACTGACATTCGACTCAACCCCATCTCAGCCCAGGGCCCATGTTCTATCACTAAGCTACCCACAAAAGGACTTTGGAGAGCACCTTGCTTAGAGCTCTCATTTATCCAATGCAGTGGAGGCTCCGGGGTCCCAAGGGACTCCCTCAAAGTCATGTAATTAGCTAATGAAAAAGTTGGGATGAGAAGCCAGATGCCCTGTCTCCTGCGCCAGGGTAACATGGTTGAAAGAGCTTGTGACTGTGCCCTTAGAGTCGGGGTGACCTCAGGCAAGCTGATGATCACTGAGCTGCCAAGTCGCCATCCGTAGAACCAGCATGGAAGAGACCTACCTCGTAGTTTGCAGTGAGGGTTAGATGCAAGAGTCGACGCAAAGCTCCCAGTGTTGAACCTGGTGCTTGTTGGAGATTTAACACAGTTACTATTATTTACTCTGGCAATGGTACCATCCTATTTCACTCACACAGTTTCTCCTTGTTTGCTAAGATAATAACTAAGTCTGTTTCCTCGGCTGGACAGGGGCGGAACTGGGCACAGGGCAGGCCCCTGCCGACCCTTACAGATCAGCAGAAAGAACCTCTTACTTGGCCCATGGTTTGGAGTAATAATCAAAATCCGTGCTTGGGATCCAAGAACTGGGCTGAGCCCTGGGCTGGAGCCGACCTACCATGAGGGAGATGACAATACAGTGACCAATGTCCCAGTTTACACAGGACTGAGGGGTTTCCCGGGACGTGGGCCTTTCGGTCCTCAAACCAGA,C/T
